Date,High,Low,Mid,Last,Bid,Ask,Volume
2017-07-29,2800.0,2662.0,2699.15,2699.0,2698.9,2699.4,23981.38000221
2017-07-28,2820.0,2651.0,2787.45,2787.5,2787.4,2787.5,41395.61221531
2017-07-27,2679.7,2503.20841641,2679.65,2679.5,2679.6,2679.7,31654.75087282
2017-07-26,2612.0,2404.0,2511.05,2511.0,2511.0,2511.1,32960.76679518
2017-07-25,2790.1,2417.0,2541.95,2542.1,2541.9,2542.0,55775.63808597
2017-07-24,2812.0,2707.1,2772.15,2772.5,2771.7,2772.6,21145.71222318
2017-07-23,2877.5,2655.0,2729.85,2727.8,2729.3,2730.4,35204.68390574
2017-07-22,2917.0,2642.8,2836.35,2836.0,2836.0,2836.7,35645.03203075
2017-07-21,2922.0,2615.0,2697.8,2698.0,2697.6,2698.0,66653.29486544
2017-07-20,2847.0,2226.3,2841.95,2844.9,2838.0,2845.9,74227.68613459
2017-07-19,2400.0,2213.9,2253.25,2253.3,2253.2,2253.3,35999.47719933
2017-07-18,2380.2,2139.0,2293.15,2295.2,2291.6,2294.7,45484.66172852
2017-07-17,2196.0,1903.6,2194.95,2194.9,2194.9,2195.0,39390.34285014
2017-07-16,2051.1,1826.2,1949.35,1950.0,1949.2,1949.5,53266.4029935
2017-07-15,2218.9,1975.7,2034.95,2034.9,2034.9,2035.0,40552.0852412
2017-07-14,2345.6,2138.0,2202.05,2203.0,2201.1,2203.0,27458.42173356
2017-07-13,2400.0,2293.1,2335.4,2335.7,2335.1,2335.7,18638.31658398
2017-07-12,2397.0,2190.0,2364.9,2364.1,2364.1,2365.7,22238.87665626
2017-07-11,2375.0,2182.0,2315.65,2315.6,2315.6,2315.7,36479.92579668
2017-07-10,2499.9,2300.2,2312.35,2311.4,2310.8,2313.9,24351.85459663
2017-07-09,2555.7,2491.0,2496.95,2496.9,2496.9,2497.0,7242.9093659
2017-07-08,2542.6,2436.1,2541.85,2541.4,2541.8,2541.9,10785.00978106
2017-07-07,2601.5,2447.0,2454.05,2453.8,2453.8,2454.3,16598.09590207
2017-07-06,2607.1,2546.0,2599.05,2597.5,2599.0,2599.1,10008.20103325
2017-07-05,2619.0,2477.9,2601.15,2601.2,2601.1,2601.2,13858.39202968
2017-07-04,2628.6,2511.0,2560.55,2560.9,2560.3,2560.8,15491.33521549
2017-07-03,2587.4,2416.2,2550.75,2550.5,2550.5,2551.0,16459.28579338
2017-07-02,2462.8,2302.0,2437.15,2437.2,2437.1,2437.2,11942.13818395
2017-07-01,2441.0,2291.0,2330.6,2330.0,2330.2,2331.0,15483.27033096
2017-06-30,2511.1,2425.7,2425.95,2426.0,2425.7,2426.2,9951.05435536
2017-06-29,2537.8,2424.0,2492.6,2490.3,2490.5,2494.7,12903.73040551
2017-06-28,2566.8,2403.2,2512.4,2511.7,2511.7,2513.1,23085.32347093
2017-06-27,2500.0,2207.8,2496.7,2495.6,2495.6,2497.8,34606.33289825
2017-06-26,2510.4,2258.7,2397.45,2397.5,2397.4,2397.5,33998.132991
2017-06-25,2595.0,2368.3,2464.95,2462.2,2462.8,2467.1,18250.09762145
2017-06-24,2700.0,2452.86920686,2485.0,2485.2,2484.8,2485.2,16835.50146709
2017-06-23,2726.0,2652.0,2692.25,2692.1,2692.2,2692.3,7851.20454748
2017-06-22,2709.0,2554.8,2675.2,2675.0,2675.0,2675.4,15484.26223235
2017-06-21,2760.0,2572.3,2600.35,2601.1,2600.0,2600.7,24543.23929945
2017-06-20,2780.0,2565.7,2746.7,2747.3,2746.1,2747.3,20269.37169074
2017-06-19,2593.9,2472.8,2566.8,2568.0,2565.9,2567.7,13522.69276237
2017-06-18,2640.0,2420.0,2479.4,2479.1,2479.0,2479.8,20567.79053665
2017-06-17,2635.0,2368.1,2629.95,2630.0,2629.9,2630.0,16108.85988172
2017-06-16,2487.0,2257.8,2423.75,2423.7,2423.7,2423.8,24032.48945506
2017-06-15,2455.0,2046.0,2382.6,2385.2,2380.2,2385.0,55325.68685312
2017-06-14,2722.42278245,2280.0,2372.0,2374.2,2369.5,2374.5,33787.33441609
2017-06-13,2730.0,2528.1,2680.95,2681.0,2680.9,2681.0,24145.39327905
2017-06-12,2962.2,2284.4,2543.7,2543.8,2543.6,2543.8,47251.44470817
2017-06-11,3003.0,2791.0,2934.85,2936.6,2932.6,2937.1,19846.74807496
2017-06-10,2890.5,2711.1,2813.55,2814.3,2812.9,2814.2,15375.42670813
2017-06-09,2849.8,2763.9,2808.55,2808.6,2808.5,2808.6,9590.57211758
2017-06-08,2780.0,2527.0,2776.15,2775.6,2775.4,2776.9,17385.43907228
2017-06-07,2850.0,2600.1,2674.6,2674.8,2673.3,2675.9,21612.6935227
2017-06-06,2899.7,2596.7,2829.1,2828.7,2828.7,2829.5,42863.47285584
2017-06-05,2649.5,2472.3,2618.25,2618.91043963,2617.5,2619.0,15069.17422723
2017-06-04,2498.0,2365.0,2474.15,2476.2,2472.2,2476.1,11862.21293963
2017-06-03,2481.2,2347.6,2476.75,2477.2,2476.4,2477.1,11912.73748724
2017-06-02,2390.0,2262.8,2389.95,2390.0,2389.9,2390.0,11467.50447164
2017-06-01,2368.2,2180.02876146,2287.85,2287.8,2287.8,2287.9,19095.14572728
2017-05-31,2241.0,2000.0,2195.55,2195.6,2195.5,2195.6,22698.13105643
2017-05-30,2265.0,2080.1,2105.6,2106.0,2105.2,2106.0,20354.07680653
2017-05-29,2249.8,1990.0,2190.65,2193.4,2190.0,2191.3,16150.8134196
2017-05-28,2194.4,1917.5,2030.85,2033.0,2030.5,2031.2,26069.90020527
2017-05-27,2210.8,1810.0,1948.55,1949.9,1943.0,1954.1,47573.80228639
2017-05-26,2477.0,2007.0,2110.25,2113.2,2108.3,2112.2,45454.1782232
2017-05-25,2690.0,2250.2,2376.5,2377.0,2376.0,2377.0,49595.7110208
2017-05-24,2444.9,2225.1,2378.55,2379.6,2377.4,2379.7,28763.23656998
2017-05-23,2264.2,1978.0,2227.8,2228.0,2227.7,2227.9,25237.76081342
2017-05-22,2222.2,1981.8,1981.85,1981.9,1981.8,1981.9,54979.75310354
2017-05-21,2099.1,2000.1,2039.6,2037.9,2038.3,2040.9,17131.75095758
2017-05-20,2069.0,1960.1,2067.85,2068.0,2067.7,2068.0,21219.21014859
2017-05-19,2000.0,1924.9,1969.65,1970.0,1969.4,1969.9,23920.61666184
2017-05-18,1948.0,1861.0,1944.95,1946.1,1943.9,1946.0,11723.37564472
2017-05-17,1894.0,1766.3,1874.95,1874.9,1874.9,1875.0,15944.83830748
2017-05-16,1795.1,1728.0,1781.65,1781.7,1781.6,1781.7,9777.05053279
2017-05-15,1830.4,1719.0,1780.95,1781.8,1780.9,1781.0,15829.09402139
2017-05-14,1852.4,1775.2,1815.85,1815.7,1815.7,1816.0,11353.81134993
2017-05-13,1825.0,1666.0,1813.95,1814.0,1813.9,1814.0,16929.94603844
2017-05-12,1868.5,1700.2,1769.95,1770.0,1769.9,1770.0,21081.95901598
2017-05-11,1908.1,1763.6,1857.75,1858.2,1857.4,1858.1,24293.68144062
2017-05-10,1817.4,1722.3,1780.1,1780.0,1779.8,1780.4,19118.84557246
2017-05-09,1815.0,1689.2,1769.05,1769.0,1769.0,1769.1,31670.05533892
2017-05-08,1715.0,1616.2,1698.75,1699.0,1698.5,1699.0,20064.442686
2017-05-07,1624.2,1575.1,1623.75,1623.6,1623.6,1623.9,12746.06896859
2017-05-06,1605.1,1505.0,1593.25,1593.7,1592.8,1593.7,16715.25240507
2017-05-05,1665.9,1528.8,1570.5,1571.7,1569.3,1571.7,31196.57167469
2017-05-04,1702.0,1519.0,1583.9,1586.3,1582.9,1584.9,30321.2950894
2017-05-03,1627.0,1541.9,1612.65,1613.0,1612.3,1613.0,17114.90945145
2017-05-02,1604.6,1473.0,1549.7,1549.7,1549.5,1549.9,16704.96175968
2017-05-01,1560.0,1432.0,1527.55,1527.6,1527.5,1527.6,22317.56589647
2017-04-30,1443.7,1400.1,1441.65,1441.7,1441.6,1441.7,8531.03628968
2017-04-29,1439.5,1398.9,1422.5,1424.2,1421.1,1423.9,9868.75501413
2017-04-28,1447.0,1366.0,1398.95,1398.9,1398.9,1399.0,13114.24133783
2017-04-27,1449.7,1392.5,1445.7,1445.6,1445.3,1446.1,10232.70590756
2017-04-26,1411.7,1362.3,1404.05,1404.0,1404.0,1404.1,11651.33245957
2017-04-25,1378.5,1342.1,1370.2,1370.0,1370.0,1370.4,8214.93671346
2017-04-24,1359.6,1325.0,1344.3,1344.6,1343.9,1344.7,8120.00928124
2017-04-23,1359.0,1336.0,1345.2,1345.3,1345.1,1345.3,7653.43791659
2017-04-22,1354.9,1290.0,1343.1,1343.0,1343.0,1343.2,12268.71145091
2017-04-21,1333.1,1301.2,1322.2,1322.3,1322.1,1322.3,8110.60454556
2017-04-20,1326.9,1255.0,1301.85,1301.9,1301.8,1301.9,16745.78243307
2017-04-19,1272.0,1254.3,1267.6,1268.0,1267.3,1267.9,6299.15914163
2017-04-18,1274.8,1235.0,1266.15,1267.2,1265.5,1266.8,16602.4933534
2017-04-17,1247.0,1202.0,1238.65,1238.4,1238.4,1238.9,14678.79792861
2017-04-16,1217.6,1190.0,1215.15,1215.1,1215.1,1215.2,5119.11012699
2017-04-15,1215.0,1191.3,1197.95,1197.9,1197.9,1198.0,9466.52060369
2017-04-14,1219.2,1182.0,1208.0,1207.8,1207.5,1208.5,11480.03945098
2017-04-13,1235.3,1163.3,1189.05,1189.0,1189.0,1189.1,19234.25175624
2017-04-12,1244.3,1221.0,1225.55,1225.8,1225.3,1225.8,12332.63598662
2017-04-11,1244.7,1209.1,1238.8,1238.4,1238.6,1239.0,9268.71525863
2017-04-10,1229.9,1208.0,1217.95,1218.4,1217.5,1218.4,11897.6329418
2017-04-09,1226.9,1179.4,1218.2,1218.0,1218.0,1218.4,16109.42700838
2017-04-08,1202.9,1171.0,1184.75,1185.0,1184.5,1185.0,10912.98658251
2017-04-07,1209.0,1176.7,1190.95,1191.2,1190.8,1191.1,20850.5735589
2017-04-06,1206.4,1126.1,1198.95,1198.9,1198.9,1199.0,33363.11000848
2017-04-05,1146.7,1111.2,1126.55,1126.6,1126.5,1126.6,21107.73197234
2017-04-04,1165.6,1124.0,1135.85,1135.9,1135.8,1135.9,22908.55675799
2017-04-03,1159.9,1104.4,1154.65,1155.0,1154.1,1155.2,28782.79661729
2017-04-02,1118.2,1080.9,1109.65,1109.4,1109.5,1109.8,20407.29875875
2017-04-01,1106.9,1070.0,1084.05,1084.1,1084.0,1084.1,17049.09263741
2017-03-31,1089.4,1031.7,1081.05,1081.0,1081.0,1081.1,28196.43895485
2017-03-30,1053.5,1021.2,1032.85,1032.9,1032.7,1033.0,23917.33022375
2017-03-29,1059.0,1008.5,1037.6,1037.5,1037.4,1037.8,22457.04335232
2017-03-28,1068.9,1016.2,1042.45,1042.5,1042.4,1042.5,26255.50358969
2017-03-27,1042.5,954.3,1035.75,1035.8,1035.7,1035.8,31798.69966271
2017-03-26,1006.0,950.1,956.35,956.4,956.3,956.4,34994.99108971
2017-03-25,965.0,888.2,960.03,960.07,959.99,960.07,47622.26884835
2017-03-24,1034.6,930.0,937.245,937.59,936.9,937.59,40100.84331098
2017-03-23,1055.0,1018.0,1025.45,1025.6,1025.2,1025.7,19448.00245597
2017-03-22,1116.6,985.55,1029.5,1029.4,1029.3,1029.7,40390.873952
2017-03-21,1122.3,1033.6,1116.55,1116.4,1116.5,1116.6,33610.83424456
2017-03-20,1059.0,1009.7,1042.85,1042.8,1042.8,1042.9,27459.92905508
2017-03-13,1232.7,1166.8,1224.45,1224.4,1224.4,1224.5,18953.1011757
2017-03-12,1196.6,1101.2,1172.75,1172.1,1172.5,1173.0,31280.63997761
2017-03-11,1339.9,958.5,1112.65,1113.4,1112.6,1112.7,104918.83222702
2017-03-10,1207.6,1136.0,1190.35,1190.3,1190.3,1190.4,24142.71884558
2017-03-09,1243.6,1142.1,1149.35,1150.0,1149.3,1149.4,46839.64626745
2017-03-08,1282.0,1185.0,1232.35,1232.3,1232.3,1232.4,42009.04881595
2017-03-07,1287.8,1268.0,1279.25,1279.2,1279.2,1279.3,9602.85826267
2017-03-06,1279.9,1245.0,1278.45,1278.4,1278.4,1278.5,9315.22167347
2017-03-05,1291.9,1240.0,1267.25,1267.0,1267.0,1267.5,15527.60449333
2017-03-04,1294.9,1256.0,1289.3,1289.7,1288.9,1289.7,22309.05200501
2017-03-03,1285.9,1212.0,1257.55,1257.4,1257.3,1257.8,30526.80495357
2017-03-02,1236.4,1186.0,1234.8,1234.8,1234.7,1234.9,22560.00164844
2017-03-01,1216.0,1176.6,1189.1,1189.1,1189.0,1189.2,17402.74654792
2017-02-28,1204.0,1170.0,1195.7,1195.9,1195.4,1196.0,11831.19391413
2017-02-27,1186.1,1130.7,1179.2,1178.7,1178.7,1179.7,11081.09539733
2017-02-26,1189.9,1131.3,1153.2,1153.0,1153.0,1153.4,16261.8289789
2017-02-25,1222.4,1110.0,1185.15,1185.2,1185.1,1185.2,48200.5251418
2017-02-24,1197.0,1116.5,1190.15,1190.7,1189.9,1190.4,26149.41920126
2017-02-23,1140.0,1106.4,1125.85,1126.6,1125.5,1126.2,14348.59464901
2017-02-22,1134.0,1085.0,1130.4,1129.6,1130.0,1130.8,24498.36718285
2017-02-21,1110.0,1040.1,1091.2,1090.9,1090.9,1091.5,13294.7618127
2017-02-20,1066.0,1045.0,1056.25,1056.2,1056.2,1056.3,6437.47647489
2017-02-19,1071.1,1053.1,1059.8,1059.8,1059.5,1060.1,7146.10940527
2017-02-18,1067.4,1033.1,1056.95,1056.9,1056.9,1057.0,16172.94740828
2017-02-17,1045.8,1013.9,1037.25,1038.5,1037.2,1037.3,11242.73276844
2017-02-16,1018.2,1002.3,1013.95,1014.0,1013.9,1014.0,5608.51386076
2017-02-15,1019.0,988.6,1013.25,1013.3,1013.2,1013.3,12202.30781261
2017-02-14,1004.8,974.22,996.515,996.52,996.51,996.52,9055.11070931
2017-02-13,1005.8,992.33,996.07,996.0,996.0,996.14,4349.23576817
2017-02-12,1009.0,984.01,1000.15,1000.0,1000.0,1000.3,9318.50128372
2017-02-11,1002.0,949.36,992.8,992.99,992.61,992.99,24494.98954846
2017-02-10,1078.0,936.34,984.98,984.99,984.97,984.99,59941.06866578
2017-02-09,1070.0,1006.5,1048.95,1048.9,1048.9,1049.0,23105.63125251
2017-02-08,1056.4,1021.7,1052.3,1052.1,1052.1,1052.5,15187.02639096
2017-02-07,1026.3,1006.0,1022.4,1022.6,1022.0,1022.8,8898.68443426
2017-02-06,1033.0,995.1,1007.0,1006.6,1006.7,1007.3,16188.32220713
2017-02-05,1040.0,1001.6,1030.9,1031.1,1030.7,1031.1,17134.09356892
2017-02-04,1020.5,986.11,1016.65,1016.9,1016.4,1016.9,19029.92892955
2017-02-03,1010.6,970.1,1007.1,1007.0,1007.0,1007.2,17790.8447822
2017-02-02,985.0,960.1,983.635,983.52,983.56,983.71,11349.92981341
2017-02-01,969.4,916.75,966.195,966.2,966.19,966.2,19615.15770733
2017-01-31,920.89,910.01,917.16,917.36,917.01,917.31,3480.8383197
2017-01-30,922.99,910.72,912.63,912.55,912.56,912.7,2700.81599478
2017-01-29,923.99,915.01,919.555,919.43,919.47,919.64,3614.96133848
2017-01-28,922.16,905.0,916.885,916.7,916.79,916.98,10140.74588812
2017-01-27,917.64,893.49,915.135,915.37,915.12,915.15,9821.65148972
2017-01-26,899.61,884.2,893.68,893.35,893.46,893.9,10476.7202953
2017-01-25,927.34,884.2,886.445,886.45,886.44,886.45,20580.09225021
2017-01-24,928.87,905.99,906.075,905.99,905.99,906.16,9808.19381728
2017-01-23,939.9,892.0,923.715,923.72,923.71,923.72,21844.16279593
2017-01-22,931.01,893.89,924.26,924.02,924.22,924.3,12173.61851885
2017-01-21,904.99,883.06,895.955,896.14,895.58,896.33,9493.97685714
2017-01-20,910.03,883.49,901.81,901.56,901.56,902.06,15074.0085325
2017-01-19,913.85,847.23,888.375,888.14,888.25,888.5,21313.19615659
2017-01-18,910.8,828.0,903.975,903.99,903.96,903.99,27345.22656398
2017-01-17,837.97,813.94,830.05,830.1,830.0,830.1,7652.41647063
2017-01-16,823.0,805.03,821.07,820.74,820.94,821.2,5379.11823595
2017-01-15,838.54,800.03,817.345,815.85,816.84,817.85,12533.89690393
2017-01-14,832.39,775.61,827.25,827.22,826.39,828.11,25871.21133403
2017-01-13,831.18,735.0,804.745,804.99,804.55,804.94,35863.46782828
2017-01-12,923.66,760.0,778.015,779.56,776.74,779.29,62866.22307066
2017-01-11,918.0,895.48,906.38,905.75,905.76,907.0,12138.49290567
2017-01-10,916.7,875.0,903.005,903.01,903.0,903.01,16587.32047481
2017-01-09,943.6,890.0,915.95,915.9,915.9,916.0,30721.60706478
2017-01-08,911.09,815.0,908.505,908.1,908.01,909.0,40623.60470508
2017-01-07,1025.0,871.0,898.435,898.5,898.3,898.57,57391.66971367
2017-01-06,1166.0,850.79,1003.75,1003.4,1003.6,1003.9,91218.60067752
2017-01-05,1150.0,1036.4,1138.65,1139.6,1138.6,1138.7,53698.69204086
2017-01-04,1040.0,1013.5,1038.5,1038.0,1038.0,1039.0,14128.62571394
2017-01-03,1035.0,994.1,1019.45,1019.5,1019.3,1019.6,21804.19721597
2017-01-02,1006.5,961.26,998.29,999.24,997.34,999.24,13440.45626448
2017-01-01,968.2,945.01,966.995,966.61,966.62,967.37,7147.77442294
2016-12-31,972.0,929.5,958.98,959.16,958.76,959.2,19324.27773831
2016-12-30,983.0,945.0,971.995,972.0,971.99,972.0,22590.70556827
2016-12-29,983.0,935.93,981.34,981.7,981.26,981.42,20823.10823446
2016-12-28,940.0,903.51,936.475,936.43,936.47,936.48,9178.73504832
2016-12-27,920.0,894.21,907.62,908.78,907.43,907.81,11814.81950152
2016-12-26,904.55,858.62,898.25,898.42,898.08,898.42,12059.32963465
2016-12-25,919.99,882.41,895.275,895.24,895.27,895.28,7388.14310165
2016-12-24,920.0,859.0,917.245,918.99,916.95,917.54,26019.0040387
2016-12-23,874.0,825.0,859.155,859.0,859.11,859.2,15262.5244032
2016-12-22,830.5,794.95,829.415,829.33,829.33,829.5,16203.08680088
2016-12-21,802.33,787.86,799.2,799.35,799.04,799.36,7009.01299556
2016-12-20,792.27,787.75,790.585,790.59,790.58,790.59,2151.08134575
2016-12-19,792.8,784.36,790.2,790.18,790.19,790.21,2433.2611579
2016-12-18,793.0,782.93,790.985,790.99,790.98,790.99,6201.31214317
2016-12-17,785.06,775.85,784.165,784.17,784.16,784.17,4774.96776769
2016-12-16,780.12,774.5,777.775,777.43,777.77,777.78,3184.82202996
2016-12-15,781.16,771.15,774.495,774.49,774.49,774.5,3680.69569057
2016-12-14,788.87,762.89,774.995,775.0,774.99,775.0,5581.84400278
2016-12-13,785.0,770.21,777.995,777.99,777.99,778.0,6758.33976156
2016-12-12,773.73,761.84,770.215,770.21,770.21,770.22,4144.9434301
2016-12-11,777.77,769.99,772.85,772.9,772.8,772.9,3363.30527088
2016-12-10,772.72,765.0,770.495,770.5,770.49,770.5,3653.03373557
2016-12-09,773.2,762.66,765.005,765.01,765.0,765.01,4751.22151402
2016-12-08,774.92,746.16,765.015,765.01,765.01,765.02,10694.29715041
2016-12-07,758.5,750.44,756.965,757.27,756.66,757.27,5279.81545309
2016-12-06,769.0,744.59,750.605,750.85,750.6,750.61,10058.02503566
2016-12-05,769.99,758.82,768.12,768.5,767.74,768.5,4184.88589499
2016-12-04,774.86,755.98,766.33,767.37,765.64,767.02,5739.33718638
2016-12-03,779.21,755.15,774.69,774.65,774.65,774.73,13434.31594303
2016-12-02,756.0,738.8,755.395,755.36,755.37,755.42,13400.24050436
2016-12-01,743.14,728.98,738.9,739.0,738.8,739.0,5529.5441113
2016-11-30,734.89,728.68,730.97,731.05,730.86,731.08,5649.69631816
2016-11-29,734.99,724.99,731.515,731.52,731.51,731.52,4137.68063169
2016-11-28,736.19,722.5,724.945,724.99,724.9,724.99,3495.40615525
2016-11-27,740.99,720.0,731.24,731.19,731.19,731.29,4490.18685577
2016-11-26,741.12,730.0,739.785,740.36,739.21,740.36,4062.25913716
2016-11-25,744.32,727.61,737.66,737.61,737.64,737.68,6068.66243718
2016-11-24,750.91,730.79,741.84,741.99,741.7,741.98,5581.81258924
2016-11-23,753.91,733.25,750.22,749.85,749.85,750.59,9485.31653992
2016-11-22,740.6,728.08,738.995,738.99,738.99,739.0,7200.7851153
2016-11-21,757.0,711.16,729.675,729.67,729.67,729.68,13912.6238054
2016-11-20,759.99,740.0,752.23,752.9,752.17,752.29,6044.662876
2016-11-19,759.89,734.5,753.905,753.97,753.9,753.91,6962.71085661
2016-11-18,763.85,735.0,740.19,740.67,740.01,740.37,14879.2018428
2016-11-17,747.49,710.0,743.94,743.47,742.9,744.98,17957.35761837
2016-11-16,720.05,707.4,711.585,712.0,711.58,711.59,7937.58643228
2016-11-15,709.91,698.76,707.435,707.43,707.43,707.44,5998.46528731
2016-11-14,706.47,687.6,703.625,703.61,703.61,703.64,8692.10129393
2016-11-13,716.99,700.1,703.565,703.57,703.56,703.57,5914.12064352
2016-11-12,719.37,712.03,716.89,716.61,716.85,716.93,4914.24595186
2016-11-11,725.0,709.13,714.865,714.87,714.86,714.87,4455.4510804
2016-11-10,743.06,708.5,723.39,723.42,723.37,723.41,15096.981684
2016-11-09,717.99,703.0,712.415,711.99,712.38,712.45,9856.71944879
2016-11-08,713.44,700.02,705.32,704.47,704.67,705.97,3807.69800762
2016-11-06,721.61,700.01,715.46,715.06,715.42,715.5,7044.75853203
2016-11-05,713.88,700.82,708.105,708.11,708.1,708.11,6117.90968395
2016-11-04,710.9,676.0,709.005,708.81,708.81,709.2,15808.44652879
2016-11-03,754.66,678.0,680.185,680.19,680.18,680.19,28040.94944342
2016-11-02,737.49,723.59,737.485,737.49,737.48,737.49,8259.77761201
2016-11-01,746.55,701.01,732.915,733.0,732.71,733.12,22377.17620171
2016-10-31,709.0,687.6,702.05,701.98,701.97,702.13,8824.28173029
2016-10-30,719.89,696.96,701.78,702.3,701.71,701.85,12040.59842153
2016-10-29,724.0,690.76,719.405,719.81,719.01,719.8,15523.48653814
2016-10-28,695.34,681.08,690.765,690.6,690.76,690.77,9892.93954264
2016-10-27,690.92,674.66,685.715,685.79,685.64,685.79,12899.18117273
2016-10-26,685.84,652.6,674.845,674.92,674.77,674.92,13303.6630052
2016-10-25,670.0,654.1,667.425,667.42,667.42,667.43,3705.77763319
2016-10-24,659.61,654.01,655.005,654.99,654.87,655.14,5740.59870407
2016-10-23,671.4,656.04,659.295,658.91,658.91,659.68,5773.11045647
2016-10-22,672.2,635.06,663.225,663.44,663.04,663.41,10009.19894799
2016-10-21,639.0,632.0,635.71,635.25,635.3,636.12,7223.98559486
2016-10-20,633.61,628.0,632.575,632.73,632.57,632.58,3359.43875346
2016-10-19,644.0,627.84,631.53,631.55,631.52,631.54,9208.3288179
2016-10-18,641.98,632.93,639.01,638.99,638.98,639.04,5851.61243285
2016-10-17,644.56,637.58,639.34,639.07,639.12,639.56,5062.10758495
2016-10-16,645.8,639.32,644.115,644.12,644.11,644.12,2364.23392474
2016-10-15,645.69,637.91,639.245,638.94,639.2,639.29,2526.0546142
2016-10-14,645.4,636.72,641.38,641.41,641.35,641.41,6563.33780358
2016-10-13,644.29,636.38,637.695,637.76,637.63,637.76,4972.229595
2016-10-12,645.0,636.91,638.21,638.33,638.03,638.39,3982.53197272
2016-10-11,646.86,618.06,641.545,641.55,641.54,641.55,12735.63604196
2016-10-10,620.0,615.54,618.815,618.82,618.81,618.82,2697.57363131
2016-10-09,620.91,614.01,615.48,615.42,615.42,615.54,2747.50120245
2016-10-08,622.87,617.91,620.62,620.69,620.59,620.65,3261.18040067
2016-10-07,621.71,613.0,619.885,620.27,619.5,620.27,4693.60148358
2016-10-06,615.9,612.68,614.025,614.04,614.01,614.04,3253.10524359
2016-10-05,617.28,610.0,614.475,614.46,614.46,614.49,3253.61060988
2016-10-04,614.11,609.63,610.2,610.79,609.98,610.42,4079.34572872
2016-10-03,618.0,608.91,612.78,612.76,612.72,612.84,3190.424406
2016-10-02,614.21,575.0,609.91,609.93,609.9,609.92,4952.66968593
2016-10-01,616.87,610.9,614.075,614.09,614.07,614.08,1956.99527529
2016-09-30,613.27,603.21,611.09,611.09,611.08,611.1,2785.57032597
2016-09-29,607.96,603.04,605.715,605.74,605.68,605.75,2788.10166223
2016-09-28,605.77,603.07,604.415,604.47,604.41,604.42,1949.94557567
2016-09-27,609.91,602.01,603.985,603.98,603.98,603.99,3187.52758284
2016-09-26,610.1,599.86,608.79,609.09,608.66,608.92,3108.54117737
2016-09-25,603.99,597.3,600.315,600.31,600.31,600.32,1452.18992585
2016-09-24,606.0,601.0,603.34,603.66,603.08,603.6,914.85378264
2016-09-23,603.99,595.95,603.985,603.99,603.98,603.99,1917.87104227
2016-09-22,598.93,595.92,596.435,596.44,596.43,596.44,2421.98420178
2016-09-21,610.92,591.0,599.005,599.0,599.0,599.01,8460.42772051
2016-09-20,612.01,607.36,609.09,609.25,609.03,609.15,2690.91661612
2016-09-19,615.05,608.6,609.84,609.48,609.82,609.86,2904.34122059
2016-09-18,616.34,607.18,614.075,613.82,613.83,614.32,2827.47975194
2016-09-17,610.75,604.96,608.29,608.26,608.27,608.31,3561.07084339
2016-09-16,614.22,609.54,610.175,610.18,610.17,610.18,3862.43096377
2016-09-15,617.93,611.0,612.505,612.5,612.5,612.51,4216.53966291
2016-09-14,617.38,612.01,613.895,613.89,613.89,613.9,6009.98825471
2016-09-13,640.0,610.0,613.99,613.98,613.98,614.0,7287.95513402
2016-09-12,615.21,608.01,611.105,611.1,611.1,611.11,5130.04884953
2016-09-11,635.0,595.36,610.05,609.78,610.0,610.1,9413.88980134
2016-09-10,629.65,624.68,628.75,628.92,628.51,628.99,4053.97886251
2016-09-09,634.36,621.24,625.505,625.51,625.5,625.51,4649.87369853
2016-09-08,636.16,615.92,630.105,630.1,630.1,630.11,8270.3076167
2016-09-07,620.0,610.83,619.425,619.35,619.42,619.43,5221.08475251
2016-09-06,617.53,609.7,613.895,613.98,613.81,613.98,3062.08630454
2016-09-05,615.68,603.84,614.125,614.12,614.12,614.13,5158.87291776
2016-09-04,618.65,601.83,613.755,613.76,613.75,613.76,4948.8435107
2016-09-03,615.0,575.49,606.975,607.06,606.97,606.98,9423.52965552
2016-09-02,580.5,570.61,575.485,575.48,575.48,575.49,4559.56714823
2016-09-01,577.98,571.43,572.785,572.57,572.78,572.79,3540.43261766
2016-08-31,579.52,572.02,575.35,574.47,574.88,575.82,3497.9718623
2016-08-30,580.28,574.07,578.985,579.25,578.98,578.99,3158.13800589
2016-08-29,578.1,573.01,574.245,574.25,574.24,574.25,2770.1861468
2016-08-28,574.54,568.18,573.855,573.83,573.83,573.88,1551.9905466
2016-08-27,578.99,567.23,568.515,568.52,568.51,568.52,2222.49889081
2016-08-26,579.51,575.06,578.015,578.02,578.01,578.02,1769.30389965
2016-08-25,581.4,574.01,577.825,577.83,577.82,577.83,3579.20999628
2016-08-24,586.91,580.0,581.285,581.18,581.21,581.36,5067.2786327
2016-08-23,590.69,581.1,583.87,583.9,583.84,583.9,4857.55124245
2016-08-22,589.99,580.3,588.29,588.24,588.16,588.42,4585.92678507
2016-08-21,584.27,580.0,580.815,581.14,580.5,581.13,2731.55233177
2016-08-20,581.75,571.25,581.575,581.74,581.57,581.58,3116.65223261
2016-08-19,577.25,570.82,574.355,574.35,574.35,574.36,2922.75231983
2016-08-18,578.75,569.71,572.345,572.32,572.33,572.36,5951.69771277
2016-08-17,578.5,569.0,571.635,571.63,571.63,571.64,5042.00032783
2016-08-16,579.0,564.0,576.995,577.0,576.99,577.0,6290.06103421
2016-08-15,575.75,562.99,565.825,565.82,565.82,565.83,7614.3620472
2016-08-14,583.75,564.0,567.645,568.19,567.46,567.83,7517.07563639
2016-08-13,590.02,582.0,583.275,583.26,583.26,583.29,6764.16517355
2016-08-12,593.47,584.0,584.485,584.1,584.48,584.49,6069.813233
2016-08-11,599.75,584.59,591.64,591.75,591.53,591.75,18233.22485662
2016-08-10,614.5,579.0,590.89,591.25,590.53,591.25,18187.56118143
2016-08-09,0.0,0.0,583.455,604.1,573.95,592.96,0.0
2016-08-08,0.0,0.0,586.87,604.1,586.8,586.94,0.0
2016-08-01,631.03,605.89,610.905,610.37,610.31,611.5,34265.88760064
2016-07-31,655.17,627.0,631.025,631.06,631.02,631.03,27430.53866558
2016-07-30,660.46,647.79,654.605,654.61,654.6,654.61,8151.70343805
2016-07-29,660.49,654.54,658.995,658.99,658.99,659.0,9386.44079173
2016-07-28,659.67,652.52,656.42,655.89,655.9,656.94,8704.76454715
2016-07-27,662.78,646.44,656.005,656.01,656.0,656.01,14265.43870689
2016-07-26,657.61,640.56,655.025,655.03,655.02,655.03,20104.97220125
2016-07-25,664.41,646.22,654.525,654.52,654.52,654.53,14136.39579227
2016-07-24,664.15,650.52,661.325,661.32,661.32,661.33,13994.00896559
2016-07-23,657.13,644.97,654.635,654.51,654.27,655.0,10993.04072625
2016-07-22,668.0,639.41,645.695,645.7,645.69,645.7,26959.37294108
2016-07-21,668.0,654.97,664.775,664.77,664.77,664.78,10751.21650063
2016-07-20,678.59,661.0,666.295,666.3,666.29,666.3,13166.58267054
2016-07-19,676.78,665.0,676.055,675.97,675.98,676.13,10897.6200814
2016-07-18,686.74,666.02,675.72,675.62,675.6,675.84,18842.3448314
2016-07-17,689.96,663.0,680.805,680.62,680.8,680.81,19293.52898297
2016-07-16,669.65,659.12,663.385,663.39,663.38,663.39,6147.61032132
2016-07-15,669.95,658.11,664.255,663.87,663.87,664.64,9396.00862719
2016-07-14,667.5,649.89,660.73,660.54,660.55,660.91,21349.8179801
2016-07-13,678.0,655.0,663.005,663.02,663.0,663.01,18343.93854745
2016-07-12,679.9,645.45,676.95,676.92,676.92,676.98,28187.96426491
2016-07-11,662.6,643.4,647.825,647.82,647.82,647.83,14064.32022159
2016-07-10,652.0,636.09,648.995,648.99,648.99,649.0,10390.87934332
2016-07-09,666.66,620.0,650.555,650.5,650.5,650.61,48806.8700052
2016-07-08,660.93,633.75,660.165,659.96,659.96,660.37,31347.22035068
2016-07-07,682.0,610.1,635.65,636.3,635.01,636.29,75099.3368306
2016-07-06,682.9,664.63,676.59,676.48,676.51,676.67,15875.85145045
2016-07-05,684.44,655.3,667.14,667.09,667.09,667.19,18846.59819596
2016-07-04,679.8,644.46,676.685,676.8,676.6,676.77,22727.23307263
2016-07-03,706.98,644.1,663.51,663.49,663.5,663.52,44932.65265063
2016-07-02,706.0,673.0,701.495,701.41,701.41,701.58,28637.23557381
2016-07-01,690.62,667.61,678.78,678.44,678.62,678.94,42862.41849666
2016-06-30,677.0,635.57,671.985,671.79,671.98,671.99,38860.6103313
2016-06-29,649.1,621.58,638.435,638.0,638.0,638.87,32918.3457179
2016-06-28,664.26,631.65,649.02,649.01,649.01,649.03,38803.2296608
2016-06-27,655.14,616.07,647.12,647.0,647.0,647.24,44142.77435402
2016-06-26,671.46,614.33,631.71,631.81,631.62,631.8,44708.87202527
2016-06-25,698.0,640.11,669.84,671.1,669.51,670.17,56957.46129067
2016-06-24,679.99,624.02,660.375,660.86,659.92,660.83,92952.22459604
2016-06-23,639.0,555.56,630.945,631.62,630.2,631.69,129266.85279423
2016-06-22,688.32,594.5,605.04,605.0,605.0,605.08,95438.50602288
2016-06-21,742.98,635.37,658.43,658.31,658.3,658.56,98081.69122892
2016-06-19,775.0,739.0,766.335,765.91,766.16,766.51,26957.29845775
2016-06-18,789.78,720.0,756.595,756.98,756.21,756.98,68672.78830521
2016-06-17,780.0,702.01,742.75,742.13,742.13,743.37,97693.4920721
2016-06-16,779.0,693.05,775.815,775.82,775.59,776.04,121111.63478936
2016-06-15,699.4,667.89,694.055,694.32,693.87,694.24,34808.66062655
2016-06-14,705.88,656.51,684.145,683.97,684.0,684.29,65981.71927849
2016-06-13,719.0,656.31,700.155,700.09,700.09,700.22,126621.58877491
2016-06-12,685.0,592.51,681.745,681.51,681.52,681.97,118827.80400204
2016-06-11,595.0,577.9,593.305,593.31,593.3,593.31,16071.0248676
2016-06-10,582.43,572.5,577.825,577.9,577.75,577.9,16189.80298099
2016-06-09,584.05,569.97,576.875,576.88,576.87,576.88,21822.19276537
2016-06-08,585.15,570.62,583.815,584.03,583.64,583.99,18194.65391418
2016-06-07,592.08,561.3,575.655,575.47,575.64,575.67,36484.68220863
2016-06-06,588.6,573.93,584.38,584.3,584.3,584.46,27001.84033548
2016-06-05,586.47,564.64,576.62,576.36,576.49,576.75,28009.8141199
2016-06-04,593.89,560.1,571.54,571.21,571.19,571.89,39398.69418957
2016-06-03,579.94,535.65,569.21,569.01,569.03,569.39,48844.74024918
2016-06-02,544.0,532.37,542.705,542.72,542.7,542.71,17661.15353831
2016-06-01,546.12,523.75,540.315,540.25,540.25,540.38,27156.35641243
2016-05-31,546.5,518.0,532.305,532.31,532.3,532.31,49479.37331668
2016-05-30,548.5,517.1,535.045,535.02,535.04,535.05,36020.90101395
2016-05-29,570.0,512.11,521.88,520.83,520.85,522.91,85092.38467422
2016-05-28,539.97,471.0,534.595,534.99,534.2,534.99,69509.08722097
2016-05-27,482.31,452.98,473.605,473.6,473.6,473.61,58905.45399229
2016-05-26,454.8,446.01,453.605,453.63,453.6,453.61,9471.59752237
2016-05-25,450.51,442.5,449.115,448.79,449.03,449.2,12467.7842654
2016-05-24,447.85,442.1,445.9,445.82,445.82,445.98,8490.93544547
2016-05-23,442.97,436.51,442.135,442.14,442.13,442.14,7408.63010252
2016-05-22,441.46,435.1,437.835,437.83,437.83,437.84,7317.42233875
2016-05-21,442.16,435.3,441.065,441.46,440.84,441.29,7141.16246822
2016-05-20,443.14,433.0,440.36,440.69,440.05,440.67,20320.75680228
2016-05-19,454.91,440.0,442.315,442.44,442.09,442.54,24025.47878224
2016-05-18,457.0,451.53,454.905,454.91,454.9,454.91,6571.48970949
2016-05-17,454.91,451.0,452.785,452.8,452.77,452.8,7816.10516688
2016-05-16,458.95,451.0,454.25,454.18,454.24,454.26,8624.92495511
2016-05-15,460.67,454.31,458.895,458.89,458.89,458.9,5421.31494069
2016-05-14,458.86,454.0,455.72,455.64,455.64,455.8,4204.66412593
2016-05-13,457.5,452.0,456.36,456.25,456.26,456.46,6983.72951014
2016-05-12,456.75,445.91,454.025,454.02,454.02,454.03,17825.73196553
2016-05-11,454.68,448.4,451.565,451.62,451.15,451.98,9592.06910187
2016-05-10,465.0,445.01,450.555,450.56,450.55,450.56,20984.27076388
2016-05-09,465.4,457.8,461.635,461.64,461.63,461.64,15268.358121
2016-05-08,461.4,456.04,459.72,459.79,459.65,459.79,6162.47417957
2016-05-07,463.05,458.3,460.24,460.15,460.16,460.32,8206.39486175
2016-05-06,466.0,448.0,462.43,462.47,462.38,462.48,26519.84024087
2016-05-05,451.68,445.51,448.64,448.59,448.59,448.69,10449.98347508
2016-05-04,451.65,445.07,447.15,447.0,447.0,447.3,7310.12726759
2016-05-03,452.0,440.1,451.38,451.48,451.29,451.47,12210.47034137
2016-05-02,452.5,436.0,444.175,444.27,444.08,444.27,29482.91670691
2016-05-01,452.99,445.01,451.235,451.1,451.1,451.37,4670.92481509
2016-04-30,455.99,445.01,447.35,447.63,447.07,447.63,10060.91759532
2016-04-29,457.49,445.8,454.49,454.19,454.19,454.79,13571.43220133
2016-04-28,449.84,435.0,449.26,449.12,449.13,449.39,27750.29641073
2016-04-27,470.17,445.98,447.995,447.99,447.99,448.0,37495.11675332
2016-04-26,471.99,461.5,467.895,467.82,467.82,467.97,21867.57646473
2016-04-25,471.58,455.0,466.98,466.87,466.88,467.08,23345.65116779
2016-04-24,464.99,450.18,462.66,462.63,462.62,462.7,23800.23303833
2016-04-23,454.95,445.67,453.215,453.21,453.21,453.22,9952.80286308
2016-04-22,453.15,444.51,447.31,447.44,447.2,447.42,12236.83698487
2016-04-21,454.5,441.92,450.985,450.99,450.98,450.99,18118.35676568
2016-04-20,446.61,436.02,443.315,443.29,443.29,443.34,23798.55248426
2016-04-19,437.53,428.54,436.175,436.0,436.02,436.33,9607.54299122
2016-04-18,430.91,426.52,429.345,429.54,429.15,429.54,7004.52431308
2016-04-17,433.49,426.37,428.485,428.49,428.48,428.49,8634.15529634
2016-04-16,435.67,430.47,431.995,431.99,431.99,432.0,7741.55017202
2016-04-15,432.49,425.6,430.475,430.47,430.47,430.48,15778.82352358
2016-04-14,426.49,424.01,425.68,425.83,425.66,425.7,3965.97016984
2016-04-13,427.68,423.0,424.985,424.99,424.98,424.99,6763.90489165
2016-04-12,430.0,423.01,426.355,426.35,426.35,426.36,14755.72383371
2016-04-11,423.9,418.8,423.215,423.25,423.18,423.25,6582.72373744
2016-04-10,422.9,417.49,421.115,421.1,421.1,421.13,4047.30096736
2016-04-09,419.43,412.0,417.995,417.99,417.99,418.0,6324.65903706
2016-04-08,424.49,415.5,419.395,419.31,419.31,419.48,9974.09566889
2016-04-07,423.25,417.78,421.09,421.01,421.02,421.16,7574.26254208
2016-04-06,424.68,421.69,423.22,423.2,423.19,423.25,6004.78360596
2016-04-05,425.0,419.61,423.085,423.08,423.07,423.1,6937.54076488
2016-04-04,421.2,416.24,420.61,420.6,420.6,420.62,6012.17266406
2016-04-03,421.82,416.0,420.91,420.92,420.9,420.92,4059.37473416
2016-04-02,422.8,416.28,420.305,420.3,420.3,420.31,6322.51144737
2016-04-01,417.6,414.0,416.275,416.27,416.27,416.28,5462.70334311
2016-03-31,418.25,413.0,417.195,417.19,417.19,417.2,7153.32745534
2016-03-30,416.21,408.58,413.98,413.76,413.74,414.22,9056.69499933
2016-03-29,426.41,406.51,415.885,415.91,415.8,415.97,23314.73398595
2016-03-28,427.99,422.38,424.885,424.77,424.77,425.0,9347.13221867
2016-03-27,431.0,415.79,425.435,425.46,425.43,425.44,22007.21155246
2016-03-26,419.4,413.2,416.345,416.61,416.27,416.42,4986.03137482
2016-03-25,417.03,413.03,415.965,416.2,415.84,416.09,3734.49993604
2016-03-24,419.27,414.0,415.125,415.48,415.12,415.13,8028.66688177
2016-03-23,419.72,415.83,419.07,419.13,419.01,419.13,6885.80519913
2016-03-22,418.68,409.88,416.8,416.78,416.78,416.82,10077.35339844
2016-03-21,412.42,406.0,411.21,411.44,411.0,411.42,8009.33224218
2016-03-20,413.2,406.06,410.895,410.81,410.81,410.98,6838.1270698
2016-03-19,409.67,404.0,406.19,406.26,406.14,406.24,7897.38953657
2016-03-18,419.1,403.01,408.215,408.21,408.21,408.22,20692.49410494
2016-03-17,420.6,416.67,418.55,418.52,418.52,418.58,8465.8102254
2016-03-16,418.0,413.96,417.395,417.39,417.39,417.4,6947.35006083
2016-03-15,418.82,412.78,416.095,416.09,416.08,416.11,9897.04267392
2016-03-14,417.99,411.7,414.81,414.69,414.78,414.84,9066.54541307
2016-03-13,416.0,409.77,412.4,412.4,412.39,412.41,7810.44041778
2016-03-12,421.81,406.38,410.035,410.01,410.02,410.05,17020.42554463
2016-03-11,423.6,415.5,420.475,420.47,420.46,420.49,15464.77864266
2016-03-10,418.24,410.68,416.565,416.51,416.49,416.64,13709.08292075
2016-03-09,414.5,407.47,412.975,413.05,412.9,413.05,9027.75321888
2016-03-08,416.0,406.0,411.34,411.35,411.33,411.35,10227.45551202
2016-03-07,415.8,401.51,412.58,412.62,412.54,412.62,15306.46433026
2016-03-06,409.5,392.01,403.81,403.91,403.72,403.9,19707.15805197
2016-03-05,410.14,389.0,397.405,397.36,397.36,397.45,46951.85160138
2016-03-04,423.99,407.5,408.76,408.82,408.7,408.82,21749.41985593
2016-03-03,424.43,416.4,420.57,420.56,420.56,420.58,20874.05140073
2016-03-02,436.45,421.11,421.72,422.09,421.35,422.09,16475.43442708
2016-03-01,442.79,427.26,434.91,434.99,434.83,434.99,19616.22555326
2016-02-29,445.0,430.51,439.075,439.16,438.99,439.16,20389.28711226
2016-02-28,437.89,422.1,434.465,434.45,434.45,434.48,19852.27109854
2016-02-27,438.6,431.81,434.11,434.21,434.01,434.21,11580.27419617
2016-02-26,435.9,419.83,435.42,435.49,435.35,435.49,18860.34189347
2016-02-25,430.0,419.5,424.87,424.88,424.82,424.92,13595.76030845
2016-02-24,427.5,409.69,426.37,426.36,426.36,426.38,22426.10899723
2016-02-23,442.67,416.24,421.355,421.4,421.13,421.58,32431.14307513
2016-02-22,442.5,433.01,440.335,440.27,440.21,440.46,16337.46643988
2016-02-21,451.6,428.01,440.485,440.49,440.48,440.49,43012.3640973
2016-02-20,445.96,419.72,438.89,438.7,438.81,438.97,47477.38201239
2016-02-19,422.54,412.0,419.78,419.85,419.71,419.85,13268.55624683
2016-02-18,426.21,412.51,421.505,421.5,421.5,421.51,25228.63442938
2016-02-17,421.9,405.16,414.885,414.88,414.88,414.89,30400.76489361
2016-02-16,408.77,398.66,407.225,407.27,407.08,407.37,13991.05677741
2016-02-15,412.5,395.23,400.09,399.9,400.06,400.12,30129.68519329
2016-02-14,408.66,392.93,408.305,408.3,408.3,408.31,29423.6760944
2016-02-13,393.0,382.55,392.995,392.99,392.99,393.0,14754.53765591
2016-02-12,383.53,377.04,382.885,382.94,382.83,382.94,10146.83584537
2016-02-11,383.23,372.25,377.995,377.99,377.99,378.0,14521.32801979
2016-02-10,387.0,373.13,381.05,380.9,380.93,381.17,33668.70675664
2016-02-09,377.96,370.04,373.965,373.97,373.96,373.97,9079.98800077
2016-02-08,377.0,369.01,370.37,370.49,370.31,370.43,16881.20552174
2016-02-07,377.8,369.17,371.975,372.01,371.85,372.1,13056.06239366
2016-02-06,386.54,365.0,373.73,373.75,373.71,373.75,40202.13384674
2016-02-05,393.0,384.19,386.615,386.54,386.54,386.69,16879.23586874
2016-02-04,393.89,368.65,389.84,389.96,389.8,389.88,37339.9192622
2016-02-03,374.0,365.65,368.865,368.98,368.74,368.99,13195.15019685
2016-02-02,374.8,369.69,372.95,372.9,372.9,373.0,10443.46213856
2016-02-01,379.27,363.23,371.18,371.42,370.93,371.43,24795.4227231
2016-01-31,378.9,362.57,365.91,365.52,365.58,366.24,14887.77869027
2016-01-30,380.6,374.0,376.705,376.56,376.56,376.85,10501.94797823
2016-01-29,386.0,360.03,377.71,377.6,377.6,377.82,62204.81102909
2016-01-28,395.48,375.01,378.185,378.39,378.14,378.23,25024.08113809
2016-01-27,396.99,389.66,394.81,394.97,394.66,394.96,8538.43203569
2016-01-26,396.99,387.0,393.71,393.78,393.63,393.79,10140.81467165
2016-01-25,402.77,384.0,390.94,390.96,390.91,390.97,22664.63967213
2016-01-24,407.33,385.1,402.78,402.77,402.76,402.8,23219.92783728
2016-01-23,394.81,379.85,385.555,385.57,385.55,385.56,21470.91850297
2016-01-22,411.2,371.25,381.01,381.01,380.96,381.06,62225.91956269
2016-01-21,424.57,405.0,411.005,411.01,411.0,411.01,29021.2464756
2016-01-20,428.0,375.01,419.595,419.7,419.51,419.68,82801.90942887
2016-01-19,388.61,377.41,378.87,378.96,378.79,378.95,17188.59693882
2016-01-18,390.0,375.01,387.055,387.04,387.01,387.1,19468.02258112
2016-01-17,393.31,378.76,382.065,382.0,382.0,382.13,20716.65696331
2016-01-16,392.5,352.5,388.41,388.4,388.4,388.42,74062.16019306
2016-01-15,429.43,357.02,359.575,359.16,359.16,359.99,123890.27071977
2016-01-14,435.0,426.0,429.83,429.76,429.69,429.97,13290.04387368
2016-01-13,446.75,416.0,431.72,431.53,431.6,431.84,42269.39393371
2016-01-12,450.05,444.31,446.385,446.38,446.38,446.39,11627.99693832
2016-01-11,452.49,443.42,448.935,448.94,448.93,448.94,15293.4505244
2016-01-10,451.51,441.01,447.335,447.34,447.33,447.34,13581.04999545
2016-01-09,456.01,447.07,451.055,451.2,451.0,451.11,8520.76070535
2016-01-08,465.0,446.55,454.64,454.9,454.35,454.93,34575.90116782
2016-01-07,459.0,427.03,457.23,457.25,457.21,457.25,52167.52070475
2016-01-06,432.24,425.03,430.995,430.99,430.99,431.0,8173.83921841
2016-01-05,434.91,427.91,432.09,431.82,431.96,432.22,11532.9848905
2016-01-04,435.67,426.2,434.475,434.49,434.47,434.48,13092.85066577
2016-01-03,433.79,421.73,427.905,427.98,427.76,428.05,18644.76005636
2016-01-02,435.8,430.0,433.33,433.2,433.2,433.46,6658.09219431
2016-01-01,436.49,426.26,433.91,433.78,433.83,433.99,12922.08019924
2015-12-31,432.59,412.5,430.475,430.42,430.46,430.49,21666.2132839
2015-12-30,434.0,420.0,425.14,425.19,425.01,425.27,22768.23697315
2015-12-29,433.55,418.01,428.595,428.6,428.59,428.6,21727.34927551
2015-12-28,429.0,417.01,420.85,420.99,420.71,420.99,25149.65626031
2015-12-27,424.89,407.0,423.91,423.9,423.9,423.92,26883.37479433
2015-12-26,460.05,405.5,415.16,415.3,415.07,415.25,96477.79288735
2015-12-25,460.0,445.0,456.29,456.2,456.16,456.42,14700.31455747
2015-12-24,459.1,440.8,455.895,455.89,455.89,455.9,20283.53401666
2015-12-23,445.76,433.01,441.825,442.0,441.65,442.0,17401.5263676
2015-12-22,443.64,433.0,435.395,435.8,435.02,435.77,18223.25727574
2015-12-21,447.45,424.37,435.605,435.82,435.39,435.82,42647.30948139
2015-12-20,462.78,431.5,442.745,442.62,442.62,442.87,46264.0433013
2015-12-19,467.0,452.0,460.62,460.79,460.54,460.7,21470.79027206
2015-12-18,466.6,450.1,463.14,463.06,463.06,463.22,26644.00834379
2015-12-16,469.99,440.0,453.98,453.99,453.96,454.0,68536.76767697
2015-12-15,467.29,441.52,464.99,464.76,464.78,465.2,39899.39369152
2015-12-14,450.0,427.3,443.295,443.0,443.0,443.59,27496.51827891
2015-12-13,443.92,415.24,435.255,435.0,435.0,435.51,35916.60956279
2015-12-12,475.04,402.5,433.915,434.0,433.88,433.95,108988.48261934
2015-12-11,454.94,414.38,451.095,451.1,451.09,451.1,69448.44790961
2015-12-10,421.82,411.09,416.425,416.69,416.16,416.69,21487.87892672
2015-12-09,426.59,396.76,417.855,417.96,417.75,417.96,67285.77278928
2015-12-07,404.24,384.53,397.175,396.82,396.95,397.4,37062.73267147
2015-12-06,407.57,384.2,397.475,397.24,397.24,397.71,64537.81659744
2015-12-05,391.23,361.0,392.245,392.49,392.01,392.48,38321.36822783
2015-12-04,364.4,354.31,361.925,362.13,361.85,362.0,14624.31037978
2015-12-03,371.5,352.25,360.525,360.58,360.47,360.58,27819.62255992
2015-12-02,363.7,346.13,359.52,359.75,359.29,359.75,31064.45739519
2015-12-01,380.0,353.1,363.425,363.26,363.26,363.59,44829.64860534
2015-11-30,384.99,368.11,378.625,378.51,378.54,378.71,49568.9891215
2015-11-29,375.31,355.17,375.975,375.97,375.97,375.98,22971.032213
2015-11-28,362.79,351.0,355.945,355.99,355.9,355.99,19954.24830362
2015-11-27,367.0,348.18,360.97,361.19,360.86,361.08,38604.90956026
2015-11-26,369.9,328.3,352.915,352.91,352.91,352.92,77554.92770983
2015-11-25,332.43,316.02,328.435,328.58,328.33,328.54,20690.28781138
2015-11-24,323.84,315.55,320.245,320.25,320.24,320.25,9477.65946825
2015-11-23,327.5,320.9,323.5,323.5,323.31,323.69,7348.4985333
2015-11-22,327.99,320.36,323.5,323.87,323.23,323.77,7344.51309708
2015-11-21,329.35,318.95,325.43,325.48,325.38,325.48,10330.28610703
2015-11-20,327.94,309.46,322.12,322.11,322.11,322.13,32218.58583874
2015-11-19,337.81,325.42,327.845,327.94,327.83,327.86,18232.03136626
2015-11-18,338.99,327.91,336.28,336.01,336.01,336.55,14797.05222503
2015-11-17,342.5,329.55,338.115,338.14,338.1,338.13,27720.12043406
2015-11-16,335.0,315.2,330.295,330.65,329.94,330.65,25797.46964224
2015-11-15,338.58,315.0,320.265,320.26,320.26,320.27,34304.48461257
2015-11-14,343.75,329.0,337.525,337.98,337.07,337.98,18452.15410705
2015-11-13,343.57,326.22,341.85,341.78,341.33,342.37,31928.41680648
2015-11-12,346.44,306.37,333.71,333.41,333.41,334.01,55509.932722
2015-11-11,343.79,300.28,309.3,309.46,309.12,309.48,121721.84822005
2015-11-10,384.44,327.02,335.43,335.98,335.17,335.69,82997.0502965
2015-11-09,388.99,360.0,382.62,382.68,382.34,382.9,38183.2820888
2015-11-08,390.33,365.56,374.445,374.5,374.39,374.5,29529.35314992
2015-11-07,392.23,369.1,388.005,388.01,388.0,388.01,35663.0860891
2015-11-06,396.78,351.2,375.445,375.12,375.12,375.77,112370.16809601
2015-11-05,449.95,366.66,390.02,390.3,389.64,390.4,176435.91949089
2015-11-04,504.0,366.66,391.995,392.99,391.0,392.99,256445.1393791
2015-11-03,423.88,361.11,401.68,402.15,401.23,402.13,177914.4420067
2015-11-02,372.43,326.8,365.64,366.7,365.3,365.98,63824.54426168
2015-11-01,332.33,313.33,328.305,328.5,328.11,328.5,24967.67074711
2015-10-31,335.87,307.2,313.17,312.76,313.0,313.34,42769.61256452
2015-10-30,336.0,313.07,324.4,324.81,324.19,324.61,63544.66116514
2015-10-29,321.53,301.5,315.585,315.54,315.51,315.66,49373.52617574
2015-10-28,307.99,292.29,302.845,302.75,302.81,302.88,36458.40806676
2015-10-27,298.86,286.43,297.88,298.26,297.58,298.18,24826.21652559
2015-10-26,290.1,282.25,286.905,286.84,286.84,286.97,19886.73677776
2015-10-25,295.99,280.8,287.795,287.8,287.78,287.81,41139.35216789
2015-10-24,282.4,277.75,280.92,280.88,280.85,280.99,10069.49409244
2015-10-23,280.9,274.77,277.805,277.81,277.8,277.81,15910.46340348
2015-10-22,279.97,267.3,275.2,275.05,275.07,275.33,27540.76741122
2015-10-21,272.28,264.1,268.415,268.42,268.4,268.43,10790.39284338
2015-10-20,273.97,263.51,269.885,269.99,269.88,269.89,14052.22096012
2015-10-19,268.28,262.35,264.02,264.19,263.84,264.2,10915.17593657
2015-10-18,275.0,263.3,264.595,264.5,264.5,264.69,19024.57647565
2015-10-17,275.19,258.32,270.845,270.84,270.84,270.85,41142.97756896
2015-10-16,267.83,254.04,261.415,261.69,261.15,261.68,20648.01636415
2015-10-15,257.5,253.44,254.605,254.5,254.5,254.71,10311.01138395
2015-10-14,255.95,249.9,254.35,254.26,254.26,254.44,10337.07262508
2015-10-13,253.43,244.0,250.205,250.19,250.19,250.22,16300.25399357
2015-10-12,248.68,245.21,246.4,246.31,246.31,246.49,5155.71327615
2015-10-11,248.73,243.75,247.835,247.84,247.82,247.85,4865.1397109
2015-10-10,246.41,243.5,245.905,245.92,245.89,245.92,4190.90946806
2015-10-09,245.45,242.62,244.835,244.83,244.83,244.84,4078.6352259
2015-10-08,245.65,243.0,243.625,243.52,243.52,243.73,6807.40284495
2015-10-07,248.19,244.2,244.07,244.34,243.85,244.29,7967.96766158
2015-10-06,249.01,241.13,246.605,246.6,246.6,246.61,16970.92480021
2015-10-05,241.95,236.24,241.4,241.32,241.27,241.53,10968.6309253
2015-10-04,240.93,239.29,239.52,239.56,239.48,239.56,2212.46328838
2015-10-03,241.11,237.36,240.03,240.11,240.0,240.06,6543.85775923
2015-10-02,240.0,237.33,237.655,237.72,237.55,237.76,5194.16900613
2015-10-01,240.09,236.19,238.545,238.45,238.44,238.65,6140.92056652
2015-09-30,238.78,235.11,237.205,237.08,237.06,237.35,5608.52715804
2015-09-29,241.5,236.88,237.85,237.9,237.8,237.9,9772.94302
2015-09-28,241.39,233.35,239.99,239.98,239.98,240.0,11668.66481931
2015-09-27,235.31,233.0,233.575,233.52,233.52,233.63,2632.65066388
2015-09-26,235.95,233.75,235.175,235.31,235.1,235.25,4907.71389317
2015-09-25,237.7,232.61,235.435,235.57,235.34,235.53,12468.27250154
2015-09-24,236.25,230.07,233.99,234.0,233.98,234.0,12870.06445057
2015-09-23,233.0,230.03,230.645,230.53,230.53,230.76,6210.11766487
2015-09-22,233.95,224.25,230.345,230.35,230.34,230.35,19243.86392289
2015-09-21,232.97,227.0,228.185,228.25,228.16,228.21,8267.48158841
2015-09-20,233.38,231.4,232.135,232.13,232.13,232.14,3426.46430222
2015-09-19,234.32,231.4,232.155,232.09,232.09,232.22,5035.10757573
2015-09-18,236.26,232.52,234.175,234.32,234.03,234.32,8728.68585381
2015-09-17,235.71,228.38,233.75,233.81,233.69,233.81,11519.6944533
2015-09-16,232.12,227.33,228.765,228.78,228.76,228.77,8781.12958022
2015-09-15,232.93,229.5,230.34,230.22,230.3,230.38,7412.3782228
2015-09-14,233.9,228.4,232.625,232.51,232.52,232.73,9954.87601035
2015-09-13,237.8,228.95,230.06,230.04,230.04,230.08,12266.2423521
2015-09-12,241.0,235.33,236.745,236.74,236.74,236.75,9055.12001218
2015-09-11,242.89,239.01,240.95,240.9,240.91,240.99,7444.20544195
2015-09-10,241.9,237.01,239.555,239.55,239.55,239.56,11025.62631517
2015-09-09,245.57,238.38,238.835,238.85,238.83,238.84,13854.69893936
2015-09-08,247.68,240.22,244.265,244.12,244.12,244.41,16425.48507362
2015-09-07,243.0,239.03,241.415,241.3,241.29,241.54,6870.81493354
2015-09-06,248.48,235.5,242.125,242.05,242.08,242.17,21503.85284267
2015-09-05,239.76,230.01,235.885,235.84,235.88,235.89,11105.60404794
2015-09-04,231.66,226.1,231.41,231.31,231.31,231.51,11307.93172021
2015-09-03,229.99,226.51,227.08,227.05,227.05,227.11,6625.3667918
2015-09-02,231.89,226.51,229.505,229.58,229.45,229.56,9368.76385162
2015-09-01,232.39,226.55,227.42,227.45,227.39,227.45,9362.70007724
2015-08-31,233.69,225.31,230.785,230.79,230.77,230.8,11169.8330336
2015-08-30,233.96,225.2,227.88,227.8,227.82,227.94,10241.23507843
2015-08-29,234.48,227.88,228.635,228.64,228.62,228.65,9575.20791306
2015-08-28,238.9,220.11,234.0,233.88,233.88,234.12,27045.96298402
2015-08-27,229.5,224.0,227.475,227.47,227.46,227.49,11763.08428811
2015-08-26,232.38,220.1,226.56,226.58,226.54,226.58,24764.8260707
2015-08-25,228.77,196.6,222.215,222.2,222.21,222.22,72949.21925454
2015-08-24,229.07,207.62,210.355,210.28,210.25,210.46,48603.88915568
2015-08-23,232.88,225.58,227.395,227.58,227.19,227.6,12461.23440264
2015-08-22,234.71,221.77,230.3,230.4,230.1,230.5,20414.41512563
2015-08-21,236.57,230.52,232.325,232.25,232.31,232.34,13711.55429584
2015-08-20,237.94,221.49,236.325,236.11,236.11,236.54,29253.1524657
2015-08-19,255.08,162.0,224.295,224.43,224.25,224.34,127429.27886692
2015-08-18,258.5,246.69,252.89,252.95,252.83,252.95,35064.21752998
2015-08-17,262.37,257.4,258.14,258.27,258.09,258.19,11453.159181
2015-08-16,264.22,256.5,260.97,261.0,260.94,261.0,30139.42628391
2015-08-15,267.76,263.23,263.34,263.22,263.22,263.46,7331.45296108
2015-08-14,268.97,262.13,267.425,267.44,267.41,267.44,13033.0456058
2015-08-13,270.0,263.33,265.08,265.09,265.07,265.09,13237.5319648
2015-08-12,273.75,265.8,269.9,269.83,269.83,269.97,18225.98361074
2015-08-11,270.3,264.79,269.765,269.62,269.63,269.9,10780.56488836
2015-08-10,267.72,262.17,264.8,264.79,264.79,264.81,11232.08336247
2015-08-09,267.6,260.62,265.55,265.37,265.37,265.73,26615.33173467
2015-08-08,280.32,266.0,266.715,266.69,266.69,266.74,30666.02311361
2015-08-07,281.0,276.07,279.31,279.26,279.26,279.36,12060.59606897
2015-08-06,283.59,278.0,279.235,279.2,279.22,279.25,10383.8824447
2015-08-05,285.94,281.49,283.14,283.15,283.13,283.15,7705.99439018
2015-08-04,285.94,281.25,285.915,285.92,285.91,285.92,12271.81726019
2015-08-03,287.05,279.7,283.98,284.15,283.97,283.99,14828.77705664
2015-08-02,282.35,276.26,282.205,282.3,282.11,282.3,11100.69954952
2015-08-01,284.99,276.53,279.455,279.49,279.42,279.49,12360.5426472
2015-07-31,289.85,281.0,284.77,284.69,284.75,284.79,15255.4957264
2015-07-30,291.28,284.01,287.385,287.38,287.38,287.39,12406.72891731
2015-07-29,296.61,286.02,291.275,291.28,291.27,291.28,15121.36515418
2015-07-28,298.93,293.61,295.265,295.15,295.23,295.3,16901.0323116
2015-07-27,298.2,286.0,297.345,297.34,297.34,297.35,23013.60340137
2015-07-26,294.57,287.92,292.655,292.65,292.65,292.66,9186.60886666
2015-07-25,292.35,286.39,288.015,288.03,288.0,288.03,11954.22085296
2015-07-24,289.93,275.95,289.35,289.38,289.32,289.38,23782.73401812
2015-07-23,278.44,275.56,276.225,275.95,276.05,276.4,6985.17833077
2015-07-22,279.4,274.5,276.445,276.44,276.44,276.45,12195.11530412
2015-07-21,282.1,278.1,279.265,279.37,279.18,279.35,11037.9515682
2015-07-20,280.0,273.5,278.205,278.22,278.19,278.22,12460.6271549
2015-07-19,279.18,275.12,275.015,275.01,275.01,275.02,7118.101311
2015-07-18,283.33,276.12,277.16,277.21,277.03,277.29,15714.27193052
2015-07-17,281.55,272.0,279.34,279.54,279.28,279.4,27969.37059332
2015-07-16,295.0,275.21,280.965,280.95,280.95,280.98,57469.27289011
2015-07-15,294.44,286.51,290.925,290.93,290.91,290.94,16246.60894641
2015-07-14,297.25,286.0,290.105,290.1,290.1,290.11,23460.40451579
2015-07-13,312.0,281.5,293.22,293.3,293.2,293.24,74460.09552722
2015-07-12,316.23,291.81,307.9,307.89,307.89,307.91,59972.30795815
2015-07-11,299.56,282.7,294.26,294.27,294.22,294.3,42871.59838418
2015-07-10,296.1,268.58,286.29,286.36,286.22,286.36,85124.4045947
2015-07-09,274.0,265.87,270.305,270.31,270.3,270.31,24254.81470473
2015-07-08,274.11,263.0,266.865,267.14,266.73,267.0,34996.81931544
2015-07-07,274.94,262.61,265.905,265.85,265.87,265.94,25460.28676939
2015-07-06,278.69,267.33,274.035,273.94,273.96,274.11,56018.03730745
2015-07-05,275.88,258.0,270.775,270.75,270.75,270.8,44741.4097489
2015-07-04,262.64,253.57,261.43,261.49,261.37,261.49,9101.60920848
2015-07-03,256.9,252.11,255.385,255.38,255.38,255.39,11937.80372202
2015-07-02,262.61,253.0,254.46,254.44,254.44,254.48,18003.17387506
2015-07-01,265.37,252.77,259.425,259.42,259.42,259.43,22757.37752088
2015-06-30,269.0,253.05,263.815,263.81,263.81,263.82,47282.54804454
2015-06-29,257.48,248.57,255.165,255.17,255.16,255.17,33187.34548565
2015-06-28,252.06,247.25,248.945,248.96,248.94,248.95,16201.79279291
2015-06-27,251.0,241.64,251.645,251.7,251.59,251.7,17527.90508344
2015-06-26,242.85,240.61,243.11,242.74,243.01,243.21,7260.70196006
2015-06-25,243.0,239.5,241.505,241.49,241.5,241.51,9435.88987103
2015-06-24,244.81,239.0,240.805,240.8,240.8,240.81,15397.74489905
2015-06-23,247.81,242.0,244.805,244.81,244.8,244.81,10815.30381959
2015-06-22,247.99,242.59,247.465,247.42,247.43,247.5,19360.49333418
2015-06-21,245.69,241.09,244.12,244.13,244.11,244.13,7741.52484192
2015-06-20,247.36,240.0,244.685,244.68,244.68,244.69,28837.9960302
2015-06-19,252.13,246.0,246.855,246.84,246.84,246.87,19671.84023611
2015-06-18,253.7,243.0,249.565,249.57,249.56,249.57,29878.59640592
2015-06-17,259.1,246.53,247.875,247.99,247.76,247.99,49034.41794121
2015-06-16,254.0,236.0,248.095,248.09,248.09,248.1,46242.82882654
2015-06-15,238.16,233.07,236.795,236.82,236.76,236.83,18763.12599698
2015-06-14,235.44,232.26,233.13,233.09,233.12,233.14,8554.26148252
2015-06-13,234.3,228.4,233.095,233.03,233.09,233.1,11585.01027449
2015-06-12,231.34,229.11,229.65,229.6,229.62,229.68,9137.0368386
2015-06-11,230.7,228.5,229.335,229.48,229.31,229.36,9629.49168115
2015-06-10,230.0,227.48,228.805,228.85,228.8,228.81,10978.55567086
2015-06-09,232.07,227.79,229.96,229.92,229.92,230.0,16497.1703395
2015-06-08,230.63,223.18,228.57,228.49,228.49,228.65,28761.84754046
2015-06-07,228.0,222.29,223.36,223.32,223.32,223.4,18091.21374869
2015-06-06,226.37,223.9,224.705,224.73,224.68,224.73,5725.70945202
2015-06-05,229.23,222.64,225.215,225.22,225.21,225.22,18192.2194432
2015-06-04,225.77,223.1,223.955,223.99,223.92,223.99,10728.8102755
2015-06-03,227.0,222.26,225.57,225.6,225.54,225.6,16924.03121264
2015-06-02,226.0,219.71,224.645,224.78,224.52,224.77,18062.1382982
2015-06-01,230.89,219.71,220.48,220.43,220.42,220.54,34820.60555883
2015-05-31,232.99,229.23,229.535,229.4,229.42,229.65,7299.00699458
2015-05-30,236.81,228.2,231.515,231.52,231.51,231.52,14577.55806563
2015-05-29,237.16,235.02,236.57,236.6,236.54,236.6,6907.91631293
2015-05-28,237.5,235.85,236.865,236.8,236.86,236.87,6244.43982813
2015-05-27,239.3,235.0,236.21,236.22,236.2,236.22,8792.58281131
2015-05-26,238.5,235.26,237.735,237.86,237.67,237.8,8746.70119279
2015-05-25,241.64,236.1,237.095,237.15,237.04,237.15,8930.76793084
2015-05-24,242.98,237.54,241.635,241.47,241.56,241.71,8219.36103778
2015-05-23,241.82,238.6,239.055,239.11,239.01,239.1,8236.33314848
2015-05-21,236.5,233.2,235.315,235.21,235.25,235.38,10745.00564268
2015-05-20,235.24,231.19,233.665,233.73,233.63,233.7,11503.61262942
2015-05-19,236.76,231.2,232.41,232.42,232.4,232.42,7352.99696381
2015-05-18,237.25,229.0,232.265,232.17,232.17,232.36,12778.73556387
2015-05-17,238.24,235.6,235.945,235.96,235.91,235.98,4618.53439596
2015-05-16,237.82,233.88,235.955,236.06,235.95,235.96,7777.2411404
2015-05-15,239.0,235.8,237.06,237.02,237.02,237.1,9075.62309001
2015-05-14,242.14,232.1,236.585,236.6,236.57,236.6,33270.57732147
2015-05-13,245.0,241.0,235.49,235.47,235.47,235.51,13424.84177427
2015-05-12,244.67,240.86,242.07,242.1,242.04,242.1,13284.90564658
2015-05-11,245.49,238.5,243.125,243.19,243.06,243.19,15724.08625447
2015-05-10,245.95,238.79,240.845,240.87,240.7,240.99,12756.28671661
2015-05-09,249.21,240.1,243.07,243.08,243.01,243.13,19003.72540967
2015-05-08,249.22,235.66,245.46,245.48,245.42,245.5,31475.0091172
2015-05-07,239.79,226.42,238.165,238.28,238.13,238.2,55109.49171257
2015-05-06,236.89,227.26,230.57,230.73,230.54,230.6,20631.40857264
2015-05-05,239.49,231.05,235.53,235.56,235.5,235.56,25768.86944423
2015-05-04,243.6,236.98,238.915,238.93,238.9,238.93,24761.56769064
2015-05-03,243.73,233.75,240.115,240.13,240.11,240.12,18420.55942239
2015-05-02,235.79,231.26,235.685,235.66,235.66,235.71,11016.33869615
2015-05-01,239.25,233.56,234.445,234.17,234.26,234.63,16098.33158164
2015-04-30,240.89,224.63,236.275,236.01,236.26,236.29,40749.53460488
2015-04-29,227.8,222.66,226.095,226.1,226.09,226.1,12875.89175605
2015-04-28,231.42,222.16,224.915,224.99,224.88,224.95,21202.67307467
2015-04-27,232.49,218.24,230.5,230.51,230.49,230.51,30559.50622874
2015-04-26,227.12,213.92,219.505,219.5,219.5,219.51,40982.57772356
2015-04-25,232.7,225.35,226.925,226.98,226.87,226.98,13081.36074199
2015-04-24,237.22,228.7,230.73,230.7,230.7,230.76,23382.29244622
2015-04-23,235.76,233.0,234.495,234.5,234.49,234.5,8407.3487734
2015-04-22,238.99,232.0,233.41,233.29,233.29,233.53,23806.07115213
2015-04-21,236.5,223.3,233.395,233.49,233.33,233.46,30238.88274214
2015-04-20,227.0,221.24,223.425,223.55,223.31,223.54,19189.9937043
2015-04-19,227.0,222.1,222.815,222.8,222.75,222.88,17754.634589
2015-04-18,224.16,219.94,223.325,223.26,223.27,223.38,12359.15171828
2015-04-17,230.0,219.58,222.495,222.49,222.49,222.5,27951.38187333
2015-04-16,229.89,221.07,229.77,230.0,229.54,230.0,29942.3387054
2015-04-15,224.75,217.6,221.475,221.45,221.45,221.5,23368.05237489
2015-04-14,227.89,216.37,218.195,218.14,218.11,218.28,47996.67907123
2015-04-13,237.7,220.14,222.26,222.44,222.08,222.44,37963.81583807
2015-04-12,238.7,232.38,235.995,236.0,235.99,236.0,10911.26760486
2015-04-11,240.58,232.92,235.68,235.59,235.6,235.76,18157.60035361
2015-04-10,243.87,230.75,234.32,234.21,234.2,234.44,36357.69003354
2015-04-09,246.79,236.5,242.845,242.94,242.78,242.91,22786.56967961
2015-04-08,255.6,242.72,246.275,246.15,246.17,246.38,39322.64011542
2015-04-07,257.9,253.01,255.41,255.46,255.4,255.42,10801.01507985
2015-04-06,262.45,253.4,256.35,256.35,256.28,256.42,23797.99706445
2015-04-05,260.0,251.55,257.795,257.79,257.79,257.8,20720.66074232
2015-04-04,255.7,250.32,253.425,253.44,253.4,253.45,9922.56562881
2015-04-03,256.49,250.31,253.695,253.6,253.6,253.79,28646.26720436
2015-04-02,254.94,243.0,252.01,252.24,251.78,252.24,28017.48457581
2015-04-01,247.89,239.21,246.295,246.32,246.28,246.31,23576.13818236
2015-03-31,248.8,242.0,246.645,246.72,246.57,246.72,20474.76927618
2015-03-30,250.98,236.24,247.785,247.66,247.66,247.91,32500.58221728
2015-03-29,253.01,238.89,242.995,243.0,242.99,243.0,31019.87274952
2015-03-28,255.96,246.12,253.53,253.45,253.47,253.59,18699.94605994
2015-03-27,250.45,245.23,248.06,248.08,248.05,248.07,22720.12389179
2015-03-26,255.0,244.5,249.405,249.18,249.26,249.55,32121.68587396
2015-03-25,250.95,235.7,246.165,246.25,246.14,246.19,55506.72410865
2015-03-24,268.44,241.39,248.88,249.06,248.71,249.05,63142.65634196
2015-03-23,271.5,262.0,267.845,267.59,267.79,267.9,23260.60727172
2015-03-22,269.99,259.74,268.835,269.0,268.67,269.0,17019.65459194
2015-03-21,263.01,255.1,260.62,260.74,260.51,260.73,15114.86091426
2015-03-20,267.0,259.36,262.635,262.52,262.54,262.73,16922.77549984
2015-03-19,269.5,246.98,261.98,261.93,261.95,262.01,82668.2087355
2015-03-18,285.5,248.0,255.985,255.99,255.98,255.99,85533.31256432
2015-03-17,292.9,281.56,284.47,284.12,284.13,284.81,22239.10881503
2015-03-16,295.2,286.12,291.105,291.19,291.07,291.14,21880.12688926
2015-03-15,287.8,281.59,287.11,287.12,287.1,287.12,13545.99917908
2015-03-14,288.28,281.36,283.815,283.8,283.8,283.83,28223.07968136
2015-03-13,296.2,285.0,287.91,287.91,287.9,287.92,42118.64995128
2015-03-12,298.8,291.04,295.81,295.81,295.8,295.82,26792.9538009
2015-03-11,298.75,290.8,296.465,296.62,296.31,296.62,26840.49783121
2015-03-10,303.96,287.91,294.77,294.76,294.76,294.78,68484.03675438
2015-03-09,295.0,274.41,291.0,290.87,290.81,291.19,60360.74008612
2015-03-08,278.68,271.61,274.56,274.55,274.46,274.66,15003.9542098
2015-03-07,280.76,270.55,276.385,276.33,276.33,276.44,21893.34835803
2015-03-06,279.75,268.8,273.995,274.0,273.87,274.12,41261.66975014
2015-03-05,284.99,262.0,277.095,277.1,276.9,277.29,67745.52771667
2015-03-04,285.99,267.0,272.74,272.99,272.5,272.98,72173.58797576
2015-03-03,294.0,267.04,282.78,282.86,282.7,282.86,84421.16151755
2015-03-02,276.59,258.98,274.57,274.53,274.54,274.6,62629.49906896
2015-03-01,266.91,245.65,261.71,261.65,261.65,261.77,45664.40454676
2015-02-28,258.3,251.25,255.915,255.89,255.89,255.94,19129.16589133
2015-02-27,262.8,236.64,257.775,257.75,257.75,257.8,67846.57724715
2015-02-26,238.34,233.62,237.12,237.03,237.05,237.19,18651.49600216
2015-02-25,240.83,235.53,237.775,237.88,237.67,237.88,13627.11725343
2015-02-24,240.99,236.7,239.765,239.79,239.75,239.78,17103.14997696
2015-02-23,241.0,232.61,239.065,238.72,238.83,239.3,23617.87900906
2015-02-22,247.78,232.1,236.455,236.69,236.23,236.68,33276.91273056
2015-02-21,247.73,243.28,245.25,245.3,245.2,245.3,16783.80588505
2015-02-20,248.98,238.95,245.345,245.31,245.31,245.38,33328.74267681
2015-02-19,243.42,234.12,241.315,241.32,241.31,241.32,22729.84210128
2015-02-18,244.99,231.01,234.675,234.82,234.53,234.82,38814.1206902
2015-02-17,246.28,231.5,242.585,242.31,242.32,242.85,42167.85816901
2015-02-16,243.65,228.62,236.77,236.88,236.66,236.88,46364.52948033
2015-02-15,268.54,228.2,233.95,234.0,233.9,234.0,106533.31738359
2015-02-14,261.3,235.33,258.99,258.9,258.9,259.08,77185.34676734
2015-02-13,242.5,221.46,236.27,236.5,236.12,236.42,68011.11597921
2015-02-12,223.17,217.8,223.035,223.01,223.01,223.06,19780.54721143
2015-02-11,224.4,218.1,218.905,219.16,218.66,219.15,18995.54484985
2015-02-10,223.88,214.0,221.375,221.46,221.35,221.4,29603.42656203
2015-02-09,225.98,215.33,220.02,219.88,219.91,220.13,47421.97211196
2015-02-08,232.9,221.1,224.27,224.39,224.17,224.37,26265.92127356
2015-02-07,239.78,221.12,228.915,229.02,228.81,229.02,36927.41058042
2015-02-06,225.88,215.0,223.37,223.4,223.35,223.39,34438.69352565
2015-02-05,228.8,210.12,217.185,217.2,217.18,217.19,38128.27725919
2015-02-04,233.0,220.23,226.22,226.39,226.04,226.4,45257.84638087
2015-02-03,248.42,222.66,229.71,229.7,229.7,229.72,91342.75905282
2015-02-02,245.0,222.5,240.92,240.86,240.86,240.98,41675.03118602
2015-02-01,233.32,211.02,227.27,227.43,227.21,227.33,65814.24905482
2015-01-31,234.03,221.21,221.49,221.5,221.48,221.5,39796.49642954
2015-01-30,243.89,224.22,228.825,228.68,228.68,228.97,50043.28151378
2015-01-29,239.33,220.0,231.445,231.48,231.41,231.48,64235.70029441
2015-01-28,269.97,226.35,236.36,236.22,236.23,236.49,83264.98987042
2015-01-27,280.37,250.0,264.61,264.47,264.47,264.75,82682.09362592
2015-01-26,315.0,252.04,274.145,274.11,274.11,274.18,207546.86712344
2015-01-25,259.39,245.0,253.71,253.9,253.54,253.88,52690.60291307
2015-01-24,248.5,229.03,247.845,247.98,247.73,247.96,38232.69104968
2015-01-23,236.98,225.13,231.505,231.4,231.4,231.61,40146.81751313
2015-01-22,242.0,225.29,232.55,232.5,232.51,232.59,59635.33696373
2015-01-21,230.0,211.0,225.725,225.97,225.5,225.95,55463.09981751
2015-01-20,219.25,203.7,212.555,212.5,212.51,212.6,53722.60775943
2015-01-19,219.95,207.0,218.16,218.0,218.03,218.29,31061.65645985
2015-01-18,222.0,194.0,211.29,211.45,211.13,211.45,65773.85945767
2015-01-17,214.0,192.2,199.555,199.85,199.55,199.56,53482.29609853
2015-01-16,223.1,197.72,208.83,208.97,208.72,208.94,79136.75980144
2015-01-15,230.74,174.82,209.405,209.51,209.31,209.5,188920.22312724
2015-01-14,229.99,166.45,177.98,178.0,177.96,178.0,269676.7632074
2015-01-13,271.85,219.0,223.075,222.53,222.69,223.46,143627.54156927
2015-01-12,274.44,266.24,269.225,269.08,269.09,269.36,19658.31246998
2015-01-11,282.86,265.83,268.305,268.41,268.21,268.4,22424.27957612
2015-01-10,292.99,275.0,278.2,278.45,277.95,278.45,25770.22390605
2015-01-09,297.32,280.4,290.015,290.01,290.01,290.02,29027.70815212
2015-01-08,299.42,282.01,284.145,284.16,284.13,284.16,31717.39119509
2015-01-06,291.94,270.99,287.82,287.61,287.66,287.98,41842.27626342
2015-01-05,279.5,258.06,278.985,279.5,278.08,279.89,46559.16340675
2015-01-04,290.78,255.03,260.675,260.62,260.61,260.74,87644.26825774
2015-01-03,316.01,286.49,288.015,287.8,287.81,288.22,38745.72502259
2015-01-02,316.74,313.28,315.185,315.2,315.17,315.2,3784.15580293
2015-01-01,322.9,313.81,315.13,315.03,315.06,315.2,7523.6717873
2014-12-31,321.0,309.39,319.645,319.85,319.47,319.82,9448.41852773
2014-12-30,315.93,307.1,310.62,310.5,310.5,310.74,10587.87442998
2014-12-29,320.5,313.02,314.325,314.28,314.29,314.36,7921.46188691
2014-12-28,319.79,310.08,316.58,316.6,316.56,316.6,10087.39813339
2014-12-27,331.4,310.0,316.35,315.86,316.17,316.53,17830.05534617
2014-12-26,332.4,316.17,330.525,330.52,330.52,330.53,13245.34676928
2014-12-25,323.98,315.5,317.655,317.63,317.61,317.7,7560.17130936
2014-12-24,336.29,320.0,323.4,323.0,323.3,323.5,13822.88930182
2014-12-23,337.79,330.0,336.065,335.8,336.06,336.07,11890.45601797
2014-12-22,336.85,319.64,331.01,330.78,330.84,331.18,21051.94123361
2014-12-21,330.0,316.85,322.21,322.16,322.16,322.26,15517.53790609
2014-12-20,330.0,315.3,329.13,329.41,328.85,329.41,20518.48808137
2014-12-19,319.97,305.6,318.785,318.79,318.78,318.79,22630.62518179
2014-12-18,325.0,302.32,311.07,311.06,311.06,311.08,48627.84677761
2014-12-17,335.0,314.21,318.9,318.83,318.83,318.97,37731.74169452
2014-12-16,348.0,326.28,329.04,329.04,329.03,329.05,30641.81367539
2014-12-15,354.6,345.45,347.9,346.85,347.83,347.97,10912.10524068
2014-12-14,358.0,345.04,353.09,353.06,353.06,353.12,8974.62375915
2014-12-13,353.0,344.11,347.37,347.79,347.21,347.53,10341.77154459
2014-12-12,354.9,346.11,352.655,352.67,352.59,352.72,11792.63549992
2014-12-11,362.99,335.7,348.41,348.58,348.24,348.58,34955.30602024
2014-12-10,352.5,346.0,347.59,347.65,347.53,347.65,12117.20687445
2014-12-09,365.9,343.0,351.305,351.38,351.24,351.37,37318.27718444
2014-12-08,378.34,362.25,365.58,365.5,365.5,365.66,17001.24118158
2014-12-07,379.8,373.01,376.965,376.95,376.95,376.98,4588.69566234
2014-12-06,381.19,370.11,376.255,376.26,376.25,376.26,9355.75839452
2014-12-05,382.51,366.1,378.7,378.61,378.6,378.8,18131.787423
2014-12-04,380.33,367.8,370.295,370.57,370.03,370.56,13818.29792499
2014-12-03,386.3,374.5,376.69,376.61,376.62,376.76,13333.79412954
2014-12-02,387.99,379.08,384.63,384.54,384.54,384.72,11176.43424054
2014-12-01,386.5,377.3,382.82,382.7,382.7,382.94,12111.74888542
2014-11-30,385.59,373.7,378.57,378.45,378.45,378.69,14098.93376446
2014-11-29,390.0,371.0,377.72,377.77,377.68,377.76,21214.38428906
2014-11-28,387.5,355.51,378.025,378.0,378.0,378.05,29712.00490554
2014-11-27,375.0,366.21,369.07,369.01,369.05,369.09,7873.74896434
2014-11-26,380.0,365.22,366.875,366.95,366.8,366.95,20517.08141649
2014-11-25,396.87,374.1,378.125,377.86,378.0,378.25,28201.80125592
2014-11-24,391.92,363.62,381.445,382.1,380.81,382.08,41759.67229117
2014-11-23,372.28,350.6,366.715,366.31,366.67,366.76,13328.57333766
2014-11-22,365.3,348.96,351.765,352.1,351.44,352.09,15703.02129248
2014-11-20,379.5,352.01,356.515,356.5,356.5,356.53,22323.24585926
2014-11-19,386.0,368.0,374.975,375.0,374.95,375.0,17675.00940983
2014-11-18,393.0,366.46,375.555,375.0,375.46,375.65,37569.37328676
2014-11-17,413.48,373.0,387.515,387.99,387.14,387.89,46928.75913974
2014-11-16,399.9,372.5,391.28,391.0,391.03,391.53,25153.6943699
2014-11-15,410.1,368.0,378.035,378.0,378.0,378.07,43478.7283955
2014-11-14,431.86,382.22,398.295,398.3,398.29,398.3,64809.51801497
2014-11-13,475.0,381.56,419.24,419.25,419.23,419.25,142734.3024246
2014-11-12,436.0,365.23,420.045,420.05,420.04,420.05,100556.35715904
2014-11-11,371.45,360.74,366.325,366.25,366.25,366.4,10223.05399898
2014-11-10,374.26,356.33,367.1,367.29,367.09,367.11,34099.04948687
2014-11-09,361.0,343.41,359.835,359.81,359.82,359.85,35734.72704778
2014-11-08,348.3,341.0,345.39,345.36,345.38,345.4,7253.75320902
2014-11-07,354.0,338.1,341.23,341.25,341.19,341.27,19762.14408012
2014-11-06,354.32,336.32,347.6,347.8,347.41,347.79,24238.12117718
2014-11-05,342.54,328.0,339.715,339.7,339.7,339.73,26946.41640864
2014-11-04,331.28,321.0,328.225,328.2,328.2,328.25,18685.63509089
2014-11-03,334.14,323.8,324.16,324.0,324.01,324.31,15013.40275731
2014-11-02,329.55,317.7,324.29,324.38,324.08,324.5,10690.94246866
2014-11-01,339.9,315.54,324.515,324.53,324.35,324.68,24895.63860112
2014-10-31,351.0,332.14,339.625,339.62,339.62,339.63,29686.57445074
2014-10-30,351.0,331.0,346.805,346.02,346.16,347.45,46896.62593141
2014-10-29,353.78,333.62,333.86,333.72,333.72,334.0,24791.90324261
2014-10-28,355.44,346.52,352.58,352.53,352.5,352.66,5847.61504155
2014-10-27,359.47,346.44,351.5,351.25,351.25,351.75,15168.46353801
2014-10-26,359.9,340.2,352.985,353.0,352.97,353.0,16735.89100993
2014-10-25,358.88,337.65,347.875,347.86,347.86,347.89,28137.8499024
2014-10-24,363.1,351.5,355.875,355.6,355.63,356.12,17396.61725622
2014-10-23,383.6,355.0,359.17,359.0,359.0,359.34,33872.46209832
2014-10-22,386.7,377.25,381.97,381.93,381.94,382.0,10606.90381177
2014-10-21,394.0,376.66,385.21,385.29,385.13,385.29,16140.71939547
2014-10-20,391.29,370.2,382.44,382.61,382.28,382.6,19321.74518362
2014-10-19,394.5,383.5,388.48,388.41,388.4,388.56,5443.74666748
2014-10-18,392.9,372.0,390.195,390.0,390.0,390.39,12475.59438707
2014-10-16,400.0,370.21,379.46,379.03,379.05,379.87,29727.79338838
2014-10-15,402.68,384.7,393.77,393.25,393.54,394.0,30172.06672383
2014-10-14,414.42,387.0,403.28,403.53,403.03,403.53,49817.51576454
2014-10-13,396.66,368.24,397.895,397.51,397.45,398.34,39128.24170379
2014-10-12,380.0,351.86,375.645,376.0,375.29,376.0,18895.0698306
2014-10-11,368.5,351.0,361.84,361.61,361.61,362.07,18284.00772549
2014-10-10,379.74,351.15,357.49,357.78,357.2,357.78,32935.45439655
2014-10-09,387.13,347.14,360.255,360.0,360.0,360.51,57057.69139321
2014-10-08,354.2,323.85,353.75,353.99,353.51,353.99,32317.47450322
2014-10-07,340.0,317.0,329.415,329.93,329.2,329.63,31251.70977099
2014-10-06,346.89,301.0,335.985,336.0,335.97,336.0,62099.92201769
2014-10-05,346.69,275.0,305.755,306.48,305.33,306.18,76810.54172279
2014-10-04,367.05,321.5,334.41,334.69,334.11,334.71,38221.51757649
2014-10-03,376.86,357.0,358.685,358.67,358.67,358.7,20611.67738996
2014-10-02,385.52,370.0,372.09,372.82,371.67,372.51,10619.50089233
2014-10-01,392.88,377.0,383.86,384.2,383.6,384.12,10572.20920371
2014-09-30,398.7,368.0,389.5,390.0,389.0,390.0,17783.47805963
2014-09-29,401.99,365.0,374.485,374.2,374.21,374.76,19452.93504634
2014-09-27,409.04,393.2,399.82,399.99,399.66,399.98,7663.93407277
2014-09-26,415.0,396.2,406.36,406.87,405.85,406.87,10765.39312408
2014-09-25,430.84,402.33,413.195,413.63,412.95,413.44,15447.27599209
2014-09-24,445.0,422.0,426.025,425.9,425.9,426.15,15853.07336509
2014-09-23,447.11,392.15,436.84,437.0,436.69,436.99,36532.21997192
2014-09-22,411.2,396.3,405.065,405.57,404.63,405.5,10291.73311764
2014-09-21,414.5,392.23,396.73,396.97,396.5,396.96,18872.72044555
2014-09-20,426.3,385.5,407.975,407.65,407.68,408.27,30390.32526868
2014-09-19,433.72,381.5,396.38,396.78,396.06,396.7,35180.10725775
2014-09-18,459.0,408.8,425.245,423.79,423.29,427.2,38503.8641696
2014-09-17,467.75,451.6,452.97,453.0,452.94,453.0,9241.26109594
2014-09-16,476.56,462.11,464.6,464.51,464.51,464.69,5933.41889337
2014-09-15,480.3,475.0,476.52,476.43,476.48,476.56,5311.49690719
2014-09-14,481.56,475.33,478.48,478.33,478.36,478.6,2954.15919353
2014-09-13,483.93,472.84,479.12,478.46,478.63,479.61,8088.79902104
2014-09-12,478.06,467.0,473.825,473.39,473.38,474.27,3466.45408049
2014-09-11,481.15,472.2,477.13,476.76,476.79,477.47,5663.81530352
2014-09-10,479.7,463.0,476.735,476.49,476.49,476.98,9049.76990442
2014-09-08,483.0,464.22,469.825,470.5,469.34,470.31,16173.07114232
2014-09-07,487.1,482.14,482.505,482.12,482.14,482.87,1546.94479745
2014-09-06,486.9,478.1,484.775,484.49,484.65,484.9,2508.31822926
2014-09-05,494.89,481.0,481.11,480.53,480.53,481.69,5189.77208717
2014-09-04,497.24,472.99,491.655,491.41,491.41,491.9,9629.55956997
2014-09-03,479.9,473.2,475.92,476.29,475.62,476.22,3751.87833848
2014-09-02,484.0,468.82,476.715,476.73,476.7,476.73,10294.2332806
2014-09-01,484.9,471.01,479.1,479.0,479.0,479.2,7940.12166459
2014-08-31,500.75,471.65,480.28,480.49,479.61,480.95,14675.83612321
2014-08-30,509.03,495.5,497.955,498.55,497.55,498.36,4068.95240121
2014-08-29,513.99,498.8,507.89,507.3,507.19,508.59,5581.47190073
2014-08-28,514.77,503.86,504.965,505.23,504.7,505.23,5447.75809684
2014-08-27,522.8,506.5,510.975,511.15,510.76,511.19,7472.53931978
2014-08-26,517.47,497.75,506.805,506.5,506.5,507.11,10882.90413571
2014-08-25,514.3,497.55,500.295,500.68,500.0,500.59,7178.06340129
2014-08-24,517.7,494.5,512.58,513.35,511.81,513.35,5966.56330439
2014-08-23,519.2,491.52,499.115,498.7,498.8,499.43,9815.39514675
2014-08-22,525.0,503.7,517.905,517.06,517.81,518.0,12580.63278648
2014-08-21,534.89,508.2,523.14,523.28,523.0,523.28,17851.96867066
2014-08-20,521.89,464.0,510.745,510.5,510.55,510.94,29808.2656097
2014-08-19,492.61,457.01,478.815,478.2,478.39,479.24,26077.59502515
2014-08-18,512.3,443.0,457.3,456.61,456.62,457.98,40453.75972151
2014-08-17,522.43,484.82,490.005,490.0,490.0,490.01,14103.02123311
2014-08-16,523.11,484.5,517.73,516.99,517.07,518.39,16058.6996965
2014-08-15,519.5,478.0,493.555,493.6,493.51,493.6,22019.65889024
2014-08-14,547.3,451.0,502.105,503.0,502.1,502.11,40563.18977955
2014-08-13,571.4,525.0,544.185,544.07,543.77,544.6,18192.74107012
2014-08-12,578.8,562.51,566.53,566.51,566.51,566.55,7202.89475893
2014-08-11,589.39,567.02,571.6,572.15,571.22,571.98,7639.54470662
2014-08-10,594.49,583.31,588.275,586.8,587.15,589.4,1748.84344476
2014-08-09,591.98,584.19,587.79,588.03,587.55,588.03,1431.20081626
2014-08-08,598.88,586.8,591.44,591.87,591.01,591.87,3353.70818201
2014-08-07,592.7,576.5,588.39,587.58,587.95,588.83,5971.4331272
2014-08-05,588.77,579.0,582.34,582.85,581.75,582.93,3855.83588125
2014-08-02,605.72,579.1,594.315,594.89,593.74,594.89,8279.83813446
2014-07-31,590.0,561.47,584.505,584.02,584.02,584.99,12361.66809072
2014-07-30,585.0,561.7,563.57,563.64,563.5,563.64,6930.67892364
2014-07-29,590.0,577.11,584.72,584.35,584.35,585.09,4312.29575707
2014-07-28,594.84,572.0,586.525,586.54,586.52,586.53,11578.53038317
2014-07-27,599.78,590.22,594.42,594.69,594.03,594.81,2763.26017456
2014-07-26,600.88,589.0,593.45,593.13,593.13,593.77,4815.76801232
2014-07-25,608.0,592.5,599.86,600.0,599.72,600.0,4040.34956808
2014-07-24,620.4,591.4,601.21,601.0,601.0,601.42,9198.14225741
2014-07-23,620.9,616.21,618.43,618.9,617.95,618.91,1204.00090416
2014-07-22,623.17,617.5,619.99,620.3,619.68,620.3,1699.2895198
2014-07-21,624.95,616.8,618.835,618.39,618.4,619.27,2283.77662737
2014-07-20,629.5,620.36,622.565,623.17,621.98,623.15,1317.68867289
2014-07-19,633.6,625.6,628.515,628.01,628.03,629.0,1778.85253953
2014-07-18,633.6,616.96,627.5,628.0,627.0,628.0,4227.06978867
2014-07-17,627.5,613.0,623.27,622.97,622.95,623.59,2968.16104219
2014-07-16,622.5,611.21,616.525,616.12,616.11,616.94,3505.70149182
2014-07-15,627.99,618.57,620.61,619.95,619.95,621.27,4012.97958813
2014-07-14,630.25,616.8,619.87,619.98,619.76,619.98,3945.91401273
2014-07-13,638.21,626.36,629.5,629.9,629.1,629.9,2776.72921015
2014-07-12,642.79,630.0,634.345,634.0,634.0,634.69,4360.49857679
2014-07-11,634.1,615.84,633.455,633.7,633.21,633.7,3832.10703322
2014-07-10,626.55,608.43,617.38,617.01,617.11,617.65,5220.79840785
2014-07-09,632.99,620.13,626.25,626.0,626.0,626.5,3471.46424937
2014-07-08,629.85,617.51,625.095,625.1,625.09,625.1,2870.55297536
2014-07-07,639.89,616.73,622.74,623.48,622.1,623.38,5352.24483637
2014-07-06,644.69,630.3,635.55,636.0,635.11,635.99,3371.39795172
2014-07-05,638.4,627.7,630.7,630.9,630.5,630.9,3711.21765987
2014-07-04,648.66,631.0,630.15,630.1,630.1,630.2,6067.93947696
2014-07-03,657.97,636.24,640.06,640.94,640.02,640.1,6075.80642354
2014-07-02,662.0,640.14,651.145,651.98,650.31,651.98,9196.92104847
2014-07-01,665.0,636.1,648.5,649.0,648.0,649.0,19140.60714533
2014-06-30,647.99,597.3,638.525,638.96,638.07,638.98,22327.73634227
2014-06-29,603.77,593.37,597.6,597.9,597.3,597.9,2305.81536929
2014-06-28,607.21,581.79,601.83,600.78,600.79,602.87,7887.9324102
2014-06-27,589.99,573.21,583.995,583.99,583.99,584.0,5587.91488627
2014-06-26,577.5,560.53,573.655,574.0,573.31,574.0,6336.27455165
2014-06-25,589.44,563.0,564.59,564.69,564.5,564.68,10605.80669936
2014-06-24,597.79,584.5,586.55,586.6,586.5,586.6,3546.27437944
2014-06-23,604.19,580.11,588.3,588.0,587.06,589.54,5032.20153193
2014-06-22,615.0,595.5,601.875,602.73,601.04,602.71,4786.91561075
2014-06-21,599.91,583.5,595.75,596.0,595.5,596.0,4343.54339908
2014-06-20,598.55,582.37,592.65,592.4,592.3,593.0,9346.80646972
2014-06-19,611.99,592.9,596.7,597.39,596.01,597.39,4582.94556193
2014-06-18,619.6,601.5,606.6,606.4,606.4,606.8,6929.02546807
2014-06-17,619.0,591.09,613.8,613.3,613.5,614.1,8406.68388816
2014-06-16,612.0,570.74,600.125,599.61,600.11,600.14,16666.66257534
2014-06-15,588.0,540.0,570.77,570.08,570.74,570.8,13453.32158315
2014-06-14,606.98,522.15,563.96,564.79,563.12,564.8,23839.29399904
2014-06-13,620.97,575.2,604.365,604.53,604.2,604.53,24024.43113826
2014-06-12,647.0,582.0,590.665,591.26,590.0,591.33,21641.97176044
2014-06-11,666.5,640.44,637.02,637.8,636.24,637.8,8738.67268702
2014-06-10,672.0,646.0,657.035,657.14,657.0,657.07,6969.64373999
2014-06-09,661.99,639.06,649.295,650.49,649.11,649.48,7011.29651957
2014-06-08,664.5,652.5,657.71,657.84,657.5,657.92,3379.20817551
2014-06-07,659.4,637.01,656.285,656.7,655.88,656.69,6842.36630776
2014-06-06,664.94,650.0,652.2,652.5,651.9,652.5,5682.52651655
2014-06-05,672.0,641.0,661.5,662.7,660.3,662.7,10288.63185659
2014-06-04,675.0,620.0,645.385,645.0,645.0,645.77,27332.78698244
2014-06-03,679.8,615.0,663.995,664.95,663.03,664.96,21588.40596219
2014-06-01,680.0,618.01,646.495,646.0,645.11,647.88,32415.08933535
2014-05-31,627.89,610.02,625.375,625.0,625.0,625.75,8828.84293351
2014-05-30,630.0,568.6,625.555,625.11,625.11,626.0,21784.15480396
2014-05-29,583.0,563.0,571.24,572.48,570.0,572.48,8675.43706579
2014-05-28,583.5,565.0,573.45,573.32,573.4,573.5,7453.24504819
2014-05-27,597.3,551.0,577.75,577.2,577.2,578.3,17450.00955834
2014-05-26,593.3,564.25,583.56,584.2,583.12,584.0,17132.59465034
2014-05-24,531.0,514.25,527.3,526.9,526.9,527.7,5328.42091263
2014-05-23,544.78,521.11,528.295,528.0,528.0,528.59,17443.82076007
2014-05-22,524.79,492.2,526.75,527.0,526.5,527.0,15780.67795485
2014-05-21,501.0,488.44,494.48,494.0,494.0,494.96,7951.45108755
2014-05-20,498.68,446.0,488.515,488.44,488.44,488.59,20374.43736828
2014-05-19,448.5,444.1,446.97,447.0,446.94,447.0,1443.93220666
2014-05-18,449.47,445.5,446.66,447.2,446.12,447.2,807.03579379
2014-05-17,450.0,446.83,448.25,448.4,448.1,448.4,865.2472325
2014-05-16,453.0,443.4,448.425,448.5,448.35,448.5,1733.4409494
2014-05-15,451.4,442.51,446.685,446.97,446.4,446.97,1892.63952812
2014-05-14,448.0,437.81,447.2,447.0,447.0,447.4,3086.76747442
2014-05-13,442.0,434.01,438.405,437.82,437.81,439.0,1913.68704695
2014-05-12,442.0,431.8,439.405,439.41,439.4,439.41,3454.20464119
2014-05-11,459.65,430.0,436.83,436.85,436.81,436.85,11882.2911866
2014-05-10,457.0,448.2,455.1,455.0,455.0,455.2,2438.11755196
2014-05-08,450.59,438.6,442.745,442.0,442.0,443.49,4046.40349389
2014-05-07,453.6,424.2487,445.86,446.0,445.72,446.0,10468.4756149
2014-05-06,435.39,419.4,430.199950005,430.8999,429.50000001,430.8999,6980.2324729
2014-05-05,444.4,425.5999,431.49345,430.75,430.75,432.2369,5940.59410108
2014-05-04,441.9497,429.0,436.54995,436.4,436.2,436.8999,4157.14664733
2014-05-03,455.0,430.0,440.84,441.3,440.3,441.38,7611.47006928
2014-05-02,461.6699,443.0,449.655,449.85,449.46,449.85,3298.96319935
2014-05-01,463.53,446.99,459.595000005,460.1,459.10000001,460.09,5339.53329383
2014-04-30,453.6,432.0,449.365,449.37,449.36,449.37,6877.39830055
2014-04-29,454.0,434.0,446.275049995,445.54,445.5501,446.99999999,8521.43859896
2014-04-28,450.0,423.11,445.45,445.4,445.4,445.5,16467.53130922
2014-04-27,465.6,440.0,445.705,445.0,445.5,445.91,5959.68643819
2014-04-26,469.19,449.8001,458.299999995,457.6,457.6,458.99999999,8578.83710701
2014-04-25,504.96,441.3,464.8725,463.79,463.79,465.955,30376.94788186
2014-04-24,498.8396,480.16,497.49,497.98,497.0,497.98,4316.10888792
2014-04-23,496.0,482.88,490.8195,490.03,490.04,491.599,4716.70343344
2014-04-22,506.0,488.8,491.300003,491.2,491.209991,491.390015,3105.51610462
2014-04-21,515.646,485.0,497.09,497.0,497.0,497.18,8132.14445276
2014-04-20,517.995,492.2,500.74575302,501.44,500.07150604,501.42,4921.58880292